system,eos,step,pvi,reservoir_watercut
binary,PR,1,0.0025,0.004369562689632183
binary,PR,2,0.005,0.004369546235651843
binary,PR,3,0.0075,0.0043695390246449185
binary,PR,4,0.01,0.004369536273051139
binary,PR,5,0.0125,0.004369536353715349
binary,PR,6,0.015,0.004369538377711134
binary,PR,7,0.0175,0.00436954181375062
binary,PR,8,0.02,0.004369546318889637
binary,PR,9,0.0225,0.004369551658210602
binary,PR,10,0.025,0.004369557663728474
binary,PR,11,0.0275,0.004369564211607974
binary,PR,12,0.03,0.0043695712080801235
binary,PR,13,0.0325,0.004369578582429598
binary,PR,14,0.035,0.004369586278306556
binary,PR,15,0.0375,0.0043695942517506395
binary,PR,16,0.04,0.004369602467720737
binary,PR,17,0.0425,0.004369610897985632
binary,PR,18,0.045,0.00436961951958884
binary,PR,19,0.0475,0.004369628313686651
binary,PR,20,0.05,0.004369637264690187
binary,PR,21,0.0525,0.0043696463595948335
binary,PR,22,0.055,0.004369655587483066
binary,PR,23,0.0575,0.00436966493911823
binary,PR,24,0.06,0.004369674406653361
binary,PR,25,0.0625,0.004369683983368653
binary,PR,26,0.065,0.004369693663497667
binary,PR,27,0.0675,0.00436970344205689
binary,PR,28,0.07,0.004369713314729602
binary,PR,29,0.0725,0.004369723277756786
binary,PR,30,0.075,0.004369733327862847
binary,PR,31,0.0775,0.004369743462173167
binary,PR,32,0.08,0.0043697536781729975
binary,PR,33,0.0825,0.004369763973641087
binary,PR,34,0.085,0.004369774346628078
binary,PR,35,0.0875,0.0043697847954032405
binary,PR,36,0.09,0.004369795318445206
binary,PR,37,0.0925,0.0043698059143945185
binary,PR,38,0.095,0.004369816582057476
binary,PR,39,0.0975,0.004369827320362363
binary,PR,40,0.1,0.004369838128370428
binary,PR,41,0.1025,0.004369849005227764
binary,PR,42,0.105,0.004369859950191586
binary,PR,43,0.1075,0.004369870962583078
binary,PR,44,0.11,0.004369882041813403
binary,PR,45,0.1125,0.0043698931873411735
binary,PR,46,0.115,0.004369904398697341
binary,PR,47,0.1175,0.004369915675450926
binary,PR,48,0.12,0.004369927017225556
binary,PR,49,0.1225,0.004369938423675648
binary,PR,50,0.125,0.004369949894499795
binary,PR,51,0.1275,0.004369961429421376
binary,PR,52,0.13,0.0043699730281942855
binary,PR,53,0.1325,0.004369984690602735
binary,PR,54,0.135,0.004369996416437492
binary,PR,55,0.1375,0.004370008205525401
binary,PR,56,0.14,0.004370020057695078
binary,PR,57,0.1425,0.00437003197281134
binary,PR,58,0.145,0.004370043950725559
binary,PR,59,0.1475,0.0043700559913313125
binary,PR,60,0.15,0.004370068094499365
binary,PR,61,0.1525,0.004370080260139755
binary,PR,62,0.155,0.0043700924881300745
binary,PR,63,0.1575,0.004370104778399187
binary,PR,64,0.16,0.0043701171308429656
binary,PR,65,0.1625,0.004370129545393928
binary,PR,66,0.165,0.004370142021973652
binary,PR,67,0.1675,0.004370154560502666
binary,PR,68,0.17,0.00437016716092151
binary,PR,69,0.1725,0.004370179823155245
binary,PR,70,0.175,0.004370192547127671
binary,PR,71,0.1775,0.004370205332762381
binary,PR,72,0.18,0.0043702181800311215
binary,PR,73,0.1825,0.0043702310888260884
binary,PR,74,0.185,0.004370244059108774
binary,PR,75,0.1875,0.0043702570908088325
binary,PR,76,0.19,0.004370270183879678
binary,PR,77,0.1925,0.004370283338207111
binary,PR,78,0.195,0.00437029655378287
binary,PR,79,0.1975,0.0043703098305282635
binary,PR,80,0.2,0.004370323168354264
binary,PR,81,0.2025,0.004370336567208869
binary,PR,82,0.205,0.004370350027045381
binary,PR,83,0.2075,0.004370363547786274
binary,PR,84,0.21,0.00437037712931546
binary,PR,85,0.2125,0.004370390771631165
binary,PR,86,0.215,0.004370404474635083
binary,PR,87,0.2175,0.004370418238255997
binary,PR,88,0.22,0.004370432062426206
binary,PR,89,0.2225,0.004370445947212954
binary,PR,90,0.225,0.004370459892697441
binary,PR,91,0.2275,0.0043704738993513015
binary,PR,92,0.23,0.004370487968771663
binary,PR,93,0.2325,0.004370502105457828
binary,PR,94,0.235,0.004370516322101459
binary,PR,95,0.2375,0.004370530654444452
binary,PR,96,0.24,0.004370545202823672
binary,PR,97,0.2425,0.004370560247609109
binary,PR,98,0.245,0.0043705765725659046
binary,PR,99,0.2475,0.004370596366479101
binary,PR,100,0.25,0.004370625736942716
binary,PR,101,0.2525,0.0043706817154900235
binary,PR,102,0.255,0.00437081176195645
binary,PR,103,0.2575,0.0043711480391046805
binary,PR,104,0.26,0.0043720584734876795
binary,PR,105,0.2625,0.004374566126629621
binary,PR,106,0.265,0.004381513822913688
binary,PR,107,0.2675,0.004400788681610971
binary,PR,108,0.27,0.004454091153359287
binary,PR,109,0.2725,0.004599849426114647
binary,PR,110,0.275,0.004986452602630289
binary,PR,111,0.2775,0.005945739715811184
binary,PR,112,0.28,0.008067596274286028
binary,PR,113,0.2825,0.012123164540993483
binary,PR,114,0.285,0.018849037303891595
binary,PR,115,0.2875,0.02878626567863438
binary,PR,116,0.29,0.04214122457932253
binary,PR,117,0.2925,0.058632228402258714
binary,PR,118,0.295,0.0775711782769666
binary,PR,119,0.2975,0.0981268237877723
binary,PR,120,0.3,0.11952723214869782
binary,PR,121,0.3025,0.14114869684994097
binary,PR,122,0.305,0.16253044800029756
binary,PR,123,0.3075,0.18335584427309817
binary,PR,124,0.31,0.2034221939742903
binary,PR,125,0.3125,0.22261205696139
binary,PR,126,0.315,0.24087146607197438
binary,PR,127,0.3175,0.25819321951221197
binary,PR,128,0.32,0.2745996740141351
binary,PR,129,0.3225,0.2901258663298568
binary,PR,130,0.325,0.3048086692844337
binary,PR,131,0.3275,0.31868447818045686
binary,PR,132,0.33,0.3317925544522043
binary,PR,133,0.3325,0.34417903665439337
binary,PR,134,0.335,0.3558981571139306
binary,PR,135,0.3375,0.36700984668654585
binary,PR,136,0.34,0.3775751444734778
binary,PR,137,0.3425,0.38765120815183846
binary,PR,138,0.345,0.39728732960577107
binary,PR,139,0.3475,0.4065228309068235
binary,PR,140,0.35,0.415386746322979
binary,PR,141,0.3525,0.4238987496677079
binary,PR,142,0.355,0.4320708972487854
binary,PR,143,0.3575,0.439909856532866
binary,PR,144,0.36,0.4474193629704863
binary,PR,145,0.3625,0.4546028714551906
binary,PR,146,0.365,0.46146618041411996
binary,PR,147,0.3675,0.4680198539419292
binary,PR,148,0.37,0.4742806212196671
binary,PR,149,0.3725,0.480271550194524
binary,PR,150,0.375,0.4860210409691271
binary,PR,151,0.3775,0.4915608894371553
binary,PR,152,0.38,0.4969238867907883
binary,PR,153,0.3825,0.5021414557480455
binary,PR,154,0.385,0.5072417155927371
binary,PR,155,0.3875,0.5122481832615485
binary,PR,156,0.39,0.5171790860932269
binary,PR,157,0.3925,0.5220473318322496
binary,PR,158,0.395,0.5268607751787243
binary,PR,159,0.3975,0.5316226324069107
binary,PR,160,0.4,0.536332013266643
binary,PR,161,0.4025,0.5409845240233031
binary,PR,162,0.405,0.5455729365172158
binary,PR,163,0.4075,0.5500879407009374
binary,PR,164,0.41,0.5545189788394076
binary,PR,165,0.4125,0.5588551216672683
binary,PR,166,0.415,0.563085926448223
binary,PR,167,0.4175,0.5672001902943827
binary,PR,168,0.42,0.5711950863619915
binary,PR,169,0.4225,0.5750625390447821
binary,PR,170,0.425,0.5787994352530723
binary,PR,171,0.4275,0.5824036060802857
binary,PR,172,0.43,0.5858782981032086
binary,PR,173,0.4325,0.5892240314600586
binary,PR,174,0.435,0.5924444953834143
binary,PR,175,0.4375,0.5955442907734853
binary,PR,176,0.44,0.5985295879190442
binary,PR,177,0.4425,0.6014063855703364
binary,PR,178,0.445,0.6041822513976365
binary,PR,179,0.4475,0.6068654910915988
binary,PR,180,0.45,0.6094651220168755
binary,PR,181,0.4525,0.6119907923465534
binary,PR,182,0.455,0.6144526521606957
binary,PR,183,0.4575,0.6168611748781492
binary,PR,184,0.46,0.6192269368747475
binary,PR,185,0.4625,0.6215603720873526
binary,PR,186,0.465,0.6238715229183242
binary,PR,187,0.4675,0.626169806889531
binary,PR,188,0.47,0.6284638122715316
binary,PR,189,0.4725,0.6307611339087912
binary,PR,190,0.475,0.633068249878401
binary,PR,191,0.4775,0.6353904359995778
binary,PR,192,0.48,0.6377317126833294
binary,PR,193,0.4825,0.6400948110593707
binary,PR,194,0.485,0.6424808905660343
binary,PR,195,0.4875,0.6448902904256387
binary,PR,196,0.49,0.6473220496924819
binary,PR,197,0.4925,0.6497738850077235
binary,PR,198,0.495,0.6522428697047581
binary,PR,199,0.4975,0.654724456561973
binary,PR,200,0.5,0.6572143349307774
binary,PR,201,0.5025,0.6597063307090708
binary,PR,202,0.505,0.6621954416424896
binary,PR,203,0.5075,0.6646748112711984
binary,PR,204,0.51,0.6671396117989037
binary,PR,205,0.5125,0.6695832600374259
binary,PR,206,0.515,0.6720018169294625
binary,PR,207,0.5175,0.6743896927319509
binary,PR,208,0.52,0.6767442397676536
binary,PR,209,0.5225,0.679061229128744
binary,PR,210,0.525,0.6813393709562473
binary,PR,211,0.5275,0.6835763055230138
binary,PR,212,0.53,0.6857708839569502
binary,PR,213,0.5325,0.6879220460440808
binary,PR,214,0.535,0.6900305438269356
binary,PR,215,0.5375,0.6920960324885269
binary,PR,216,0.54,0.6941190068103452
binary,PR,217,0.5425,0.6961001781124309
binary,PR,218,0.545,0.698040421727601
binary,PR,219,0.5475,0.6999407263820279
binary,PR,220,0.55,0.7018021507953249
binary,PR,221,0.5525,0.7036257893919156
binary,PR,222,0.555,0.7054125248492646
binary,PR,223,0.5575,0.7071639438124973
binary,PR,224,0.56,0.7088808046666516
binary,PR,225,0.5625,0.7105641357667933
binary,PR,226,0.565,0.7122147541580243
binary,PR,227,0.5675,0.7138339442671288
binary,PR,228,0.57,0.7154223487398514
binary,PR,229,0.5725,0.7169806628161967
binary,PR,230,0.575,0.718509791378218
binary,PR,231,0.5775,0.7200104560820352
binary,PR,232,0.58,0.7214829572402929
binary,PR,233,0.5825,0.7229279347642014
binary,PR,234,0.585,0.7243455305968666
binary,PR,235,0.5875,0.7257358173748415
binary,PR,236,0.59,0.7270988413244693
binary,PR,237,0.5925,0.7284343414081382
binary,PR,238,0.595,0.7297418630126412
binary,PR,239,0.5975,0.731020766646207
binary,PR,240,0.6,0.7322701281744929
binary,PR,241,0.6025,0.733488981488333
binary,PR,242,0.605,0.7346761401937744
binary,PR,243,0.6075,0.7358303300459733
binary,PR,244,0.61,0.7369502459449067
binary,PR,245,0.6125,0.7380346252198303
binary,PR,246,0.615,0.7390823289100594
binary,PR,247,0.6175,0.7400924288978794
binary,PR,248,0.62,0.7410642957377274
binary,PR,249,0.6225,0.7419976823332611
binary,PR,250,0.625,0.7428927976446941
binary,PR,251,0.6275,0.7437503675818075
binary,PR,252,0.63,0.744571641375086
binary,PR,253,0.6325,0.7453584867923907
binary,PR,254,0.635,0.7461133340741408
binary,PR,255,0.6375,0.7468391350197016
binary,PR,256,0.64,0.747539300706767
binary,PR,257,0.6425,0.7482176191788096
binary,PR,258,0.645,0.7488781592685139
binary,PR,259,0.6475,0.7495251682296669
binary,PR,260,0.65,0.7501629708497983
binary,PR,261,0.6525,0.7507958768961259
binary,PR,262,0.655,0.7514281019216407
binary,PR,263,0.6575,0.7520637041880455
binary,PR,264,0.66,0.7527065380005413
binary,PR,265,0.6625,0.7533602215514634
binary,PR,266,0.665,0.7540281157569159
binary,PR,267,0.6675,0.7547133096942452
binary,PR,268,0.67,0.7554186083996404
binary,PR,269,0.6725,0.7561465193101611
binary,PR,270,0.675,0.7568992351425164
binary,PR,271,0.6775,0.7576786124569537
binary,PR,272,0.68,0.7584861467732269
binary,PR,273,0.6825,0.7593229464904347
binary,PR,274,0.685,0.7601897087215561
binary,PR,275,0.6875,0.7610867005900489
binary,PR,276,0.69,0.7620137492937181
binary,PR,277,0.6925,0.7629702436090152
binary,PR,278,0.695,0.7639551484137498
binary,PR,279,0.6975,0.7649670326119289
binary,PR,280,0.7,0.7660041095531743
binary,PR,281,0.7025,0.7670642879992409
binary,PR,282,0.705,0.768145214356395
binary,PR,283,0.7075,0.7692443762721253
binary,PR,284,0.71,0.7703591423472533
binary,PR,285,0.7125,0.7714868235268396
binary,PR,286,0.715,0.772624731784746
binary,PR,287,0.7175,0.7737702323721047
binary,PR,288,0.72,0.7749207880897416
binary,PR,289,0.7225,0.7760739949789578
binary,PR,290,0.725,0.7772276093609932
binary,PR,291,0.7275,0.7783795666385899
binary,PR,292,0.73,0.7795279925848516
binary,PR,293,0.7325,0.7806712080842814
binary,PR,294,0.735,0.7818077283894896
binary,PR,295,0.7375,0.7829362579727025
binary,PR,296,0.74,0.7840556820220486
binary,PR,297,0.7425,0.785165055513432
binary,PR,298,0.745,0.7862635906983574
binary,PR,299,0.7475,0.7873506436940738
binary,PR,300,0.75,0.7884257007381408
binary,PR,301,0.7525,0.7894883645509769
binary,PR,302,0.755,0.7905383411289941
binary,PR,303,0.7575,0.7915754272208964
binary,PR,304,0.76,0.7925994986107802
binary,PR,305,0.7625,0.7936104993402708
binary,PR,306,0.765,0.794608431855894
binary,PR,307,0.7675,0.7955933481547098
binary,PR,308,0.77,0.7965653418663872
binary,PR,309,0.7725,0.7975245412277157
binary,PR,310,0.775,0.7984711028988889
binary,PR,311,0.7775,0.7994052065508886
binary,PR,312,0.78,0.8003270501543907
binary,PR,313,0.7825,0.801236845906326
binary,PR,314,0.785,0.802134816734115
binary,PR,315,0.7875,0.8030211932970643
binary,PR,316,0.79,0.8038962114515091
binary,PR,317,0.7925,0.8047601100969745
binary,PR,318,0.795,0.8056131293800352
binary,PR,319,0.7975,0.806455509196274
binary,PR,320,0.8,0.8072874879476439
binary,PR,321,0.8025,0.8081093015306562
binary,PR,322,0.805,0.8089211825169369
binary,PR,323,0.8075,0.8097233594970201
binary,PR,324,0.81,0.8105160565684952
binary,PR,325,0.8125,0.8112994929397298
binary,PR,326,0.815,0.8120738826395993
binary,PR,327,0.8175,0.8128394343087222
binary,PR,328,0.82,0.8135963510657025
binary,PR,329,0.8225,0.8143448304300328
binary,PR,330,0.825,0.8150850642978398
binary,PR,331,0.8275,0.8158172389538076
binary,PR,332,0.83,0.8165415351217719
binary,PR,333,0.8325,0.8172581280344977
binary,PR,334,0.835,0.8179671875301188
binary,PR,335,0.8375,0.8186688781653995
binary,PR,336,0.84,0.8193633593361725
binary,PR,337,0.8425,0.8200507854140925
binary,PR,338,0.845,0.820731305884507
binary,PR,339,0.8475,0.8214050654925236
binary,PR,340,0.85,0.8220722043909757
binary,PR,341,0.8525,0.8227328582881204
binary,PR,342,0.855,0.8233871585961154
binary,PR,343,0.8575,0.824035232579134
binary,PR,344,0.86,0.8246772035013058
binary,PR,345,0.8625,0.8253131907658573
binary,PR,346,0.865,0.8259433100601725
binary,PR,347,0.8675,0.826567673490415
binary,PR,348,0.87,0.827186389715342
binary,PR,349,0.8725,0.8277995640773872
binary,PR,350,0.875,0.8284072987245775
binary,PR,351,0.8775,0.8290096927352166
binary,PR,352,0.88,0.8296068422326275
binary,PR,353,0.8825,0.8301988404972298
binary,PR,354,0.885,0.830785778075794
binary,PR,355,0.8875,0.8313677428838723
binary,PR,356,0.89,0.8319448203068013
binary,PR,357,0.8925,0.8325170932952974
binary,PR,358,0.895,0.8330846424584012
binary,PR,359,0.8975,0.8336475461519702
binary,PR,360,0.9,0.8342058805659113
binary,PR,361,0.9025,0.8347597198056054
binary,PR,362,0.905,0.8353091359695736
binary,PR,363,0.9075,0.8358541992268734
binary,PR,364,0.91,0.8363949778875814
binary,PR,365,0.9125,0.8369315384715192
binary,PR,366,0.915,0.8374639457745393
binary,PR,367,0.9175,0.8379922629308225
binary,PR,368,0.92,0.8385165514716829
binary,PR,369,0.9225,0.8390368713826715
binary,PR,370,0.925,0.8395532811579084
binary,PR,371,0.9275,0.8400658378525134
binary,PR,372,0.93,0.8405745971304683
binary,PR,373,0.9325,0.8410796133143172
binary,PR,374,0.935,0.8415809394288802
binary,PR,375,0.9375,0.8420786272443389
binary,PR,376,0.94,0.8425727273202622
binary,PR,377,0.9425,0.8430632890432268
binary,PR,378,0.945,0.8435503606669017
binary,PR,379,0.9475,0.8440339893476386
binary,PR,380,0.95,0.8445142211816087
binary,PR,381,0.9525,0.8449911012358
binary,PR,382,0.955,0.8454646735848056
binary,PR,383,0.9575,0.845934981338911
binary,PR,384,0.96,0.8464020666747715
binary,PR,385,0.9625,0.8468659708661193
binary,PR,386,0.965,0.847326734308801
binary,PR,387,0.9675,0.8477843965496941
binary,PR,388,0.97,0.8482389963117359
binary,PR,389,0.9725,0.8486905715178678
binary,PR,390,0.975,0.8491391593172495
binary,PR,391,0.9775,0.8495847961047488
binary,PR,392,0.98,0.8500275175466075
binary,PR,393,0.9825,0.8504673586001413
binary,PR,394,0.985,0.850904353534698
binary,PR,395,0.9875,0.8513385359504374
binary,PR,396,0.99,0.8517699388001309
binary,PR,397,0.9925,0.8521985944035652
binary,PR,398,0.995,0.852624534469173
binary,PR,399,0.9975,0.8530477901087204
binary,PR,400,1.0,0.8534683918548144
binary,SW,1,0.0025,1.0
binary,SW,2,0.005,1.0
binary,SW,3,0.0075,1.0
binary,SW,4,0.01,1.0
binary,SW,5,0.0125,1.0
binary,SW,6,0.015,1.0
binary,SW,7,0.0175,1.0
binary,SW,8,0.02,1.0
binary,SW,9,0.0225,1.0
binary,SW,10,0.025,1.0
binary,SW,11,0.0275,1.0
binary,SW,12,0.03,1.0
binary,SW,13,0.0325,1.0
binary,SW,14,0.035,1.0
binary,SW,15,0.0375,1.0
binary,SW,16,0.04,1.0
binary,SW,17,0.0425,1.0
binary,SW,18,0.045,1.0
binary,SW,19,0.0475,1.0
binary,SW,20,0.05,1.0
binary,SW,21,0.0525,1.0
binary,SW,22,0.055,1.0
binary,SW,23,0.0575,1.0
binary,SW,24,0.06,1.0
binary,SW,25,0.0625,1.0
binary,SW,26,0.065,1.0
binary,SW,27,0.0675,1.0
binary,SW,28,0.07,1.0
binary,SW,29,0.0725,1.0
binary,SW,30,0.075,1.0
binary,SW,31,0.0775,1.0
binary,SW,32,0.08,1.0
binary,SW,33,0.0825,1.0
binary,SW,34,0.085,1.0
binary,SW,35,0.0875,1.0
binary,SW,36,0.09,1.0
binary,SW,37,0.0925,1.0
binary,SW,38,0.095,1.0
binary,SW,39,0.0975,1.0
binary,SW,40,0.1,1.0
binary,SW,41,0.1025,1.0
binary,SW,42,0.105,1.0
binary,SW,43,0.1075,1.0
binary,SW,44,0.11,1.0
binary,SW,45,0.1125,1.0
binary,SW,46,0.115,1.0
binary,SW,47,0.1175,1.0
binary,SW,48,0.12,1.0
binary,SW,49,0.1225,1.0
binary,SW,50,0.125,1.0
binary,SW,51,0.1275,1.0
binary,SW,52,0.13,1.0
binary,SW,53,0.1325,1.0
binary,SW,54,0.135,1.0
binary,SW,55,0.1375,1.0
binary,SW,56,0.14,1.0
binary,SW,57,0.1425,1.0
binary,SW,58,0.145,1.0
binary,SW,59,0.1475,1.0
binary,SW,60,0.15,1.0
binary,SW,61,0.1525,1.0
binary,SW,62,0.155,1.0
binary,SW,63,0.1575,1.0
binary,SW,64,0.16,1.0
binary,SW,65,0.1625,1.0
binary,SW,66,0.165,1.0
binary,SW,67,0.1675,1.0
binary,SW,68,0.17,1.0
binary,SW,69,0.1725,1.0
binary,SW,70,0.175,1.0
binary,SW,71,0.1775,1.0
binary,SW,72,0.18,1.0
binary,SW,73,0.1825,1.0
binary,SW,74,0.185,1.0
binary,SW,75,0.1875,1.0
binary,SW,76,0.19,1.0
binary,SW,77,0.1925,1.0
binary,SW,78,0.195,1.0
binary,SW,79,0.1975,1.0
binary,SW,80,0.2,1.0
binary,SW,81,0.2025,1.0
binary,SW,82,0.205,1.0
binary,SW,83,0.2075,1.0
binary,SW,84,0.21,1.0
binary,SW,85,0.2125,1.0
binary,SW,86,0.215,1.0
binary,SW,87,0.2175,1.0
binary,SW,88,0.22,1.0
binary,SW,89,0.2225,1.0
binary,SW,90,0.225,1.0
binary,SW,91,0.2275,1.0
binary,SW,92,0.23,1.0
binary,SW,93,0.2325,1.0
binary,SW,94,0.235,1.0
binary,SW,95,0.2375,1.0
binary,SW,96,0.24,1.0
binary,SW,97,0.2425,1.0
binary,SW,98,0.245,1.0
binary,SW,99,0.2475,1.0
binary,SW,100,0.25,1.0
binary,SW,101,0.2525,1.0
binary,SW,102,0.255,1.0
binary,SW,103,0.2575,1.0
binary,SW,104,0.26,1.0
binary,SW,105,0.2625,1.0
binary,SW,106,0.265,1.0
binary,SW,107,0.2675,1.0
binary,SW,108,0.27,1.0
binary,SW,109,0.2725,1.0
binary,SW,110,0.275,1.0
binary,SW,111,0.2775,1.0
binary,SW,112,0.28,1.0
binary,SW,113,0.2825,1.0
binary,SW,114,0.285,1.0
binary,SW,115,0.2875,1.0
binary,SW,116,0.29,1.0
binary,SW,117,0.2925,1.0
binary,SW,118,0.295,1.0
binary,SW,119,0.2975,1.0
binary,SW,120,0.3,1.0
binary,SW,121,0.3025,1.0
binary,SW,122,0.305,1.0
binary,SW,123,0.3075,1.0
binary,SW,124,0.31,1.0
binary,SW,125,0.3125,1.0
binary,SW,126,0.315,1.0
binary,SW,127,0.3175,1.0
binary,SW,128,0.32,1.0
binary,SW,129,0.3225,1.0
binary,SW,130,0.325,1.0
binary,SW,131,0.3275,1.0
binary,SW,132,0.33,1.0
binary,SW,133,0.3325,1.0
binary,SW,134,0.335,1.0
binary,SW,135,0.3375,1.0
binary,SW,136,0.34,1.0
binary,SW,137,0.3425,1.0
binary,SW,138,0.345,1.0
binary,SW,139,0.3475,1.0
binary,SW,140,0.35,1.0
binary,SW,141,0.3525,0.10831361028530476
binary,SW,142,0.355,0.1529306068326047
binary,SW,143,0.3575,0.19584739417437663
binary,SW,144,0.36,0.23835266581767686
binary,SW,145,0.3625,0.2784243457921647
binary,SW,146,0.365,0.3117569789685187
binary,SW,147,0.3675,0.3434009128694188
binary,SW,148,0.37,0.3715309754879219
binary,SW,149,0.3725,0.3962545338259714
binary,SW,150,0.375,0.4181747599995673
binary,SW,151,0.3775,0.4383584982631594
binary,SW,152,0.38,0.4551539789130729
binary,SW,153,0.3825,0.4700729217567294
binary,SW,154,0.385,0.48336009758759607
binary,SW,155,0.3875,0.496367486065754
binary,SW,156,0.39,0.5073911178123143
binary,SW,157,0.3925,0.5172559766249923
binary,SW,158,0.395,0.5271686658016639
binary,SW,159,0.3975,0.5354834487777013
binary,SW,160,0.4,0.5430958002640262
binary,SW,161,0.4025,0.5501028984118674
binary,SW,162,0.405,0.5565944323588786
binary,SW,163,0.4075,0.5626477063098517
binary,SW,164,0.41,0.5683268994947644
binary,SW,165,0.4125,0.5736842847755896
binary,SW,166,0.415,0.5787619312083954
binary,SW,167,0.4175,0.583593532364098
binary,SW,168,0.42,0.5882061372409485
binary,SW,169,0.4225,0.5926216546890809
binary,SW,170,0.425,0.5968580807530215
binary,SW,171,0.4275,0.600930456212129
binary,SW,172,0.43,0.6048515883967251
binary,SW,173,0.4325,0.6086325831838258
binary,SW,174,0.435,0.6122832276035804
binary,SW,175,0.4375,0.6158122634038911
binary,SW,176,0.44,0.6192275821281447
binary,SW,177,0.4425,0.622536365238868
binary,SW,178,0.445,0.6257451867119693
binary,SW,179,0.4475,0.6288600900762197
binary,SW,180,0.45,0.6318866482695841
binary,SW,181,0.4525,0.6348300117119532
binary,SW,182,0.455,0.6376949481138423
binary,SW,183,0.4575,0.6404858760908451
binary,SW,184,0.46,0.6432068946016222
binary,SW,185,0.4625,0.6458618087789556
binary,SW,186,0.465,0.6484541529774845
binary,SW,187,0.4675,0.6509872114317143
binary,SW,188,0.47,0.6534640369593551
binary,SW,189,0.4725,0.655887467982898
binary,SW,190,0.475,0.6582601441856357
binary,SW,191,0.4775,0.660584520970673
binary,SW,192,0.48,0.6628628829117409
binary,SW,193,0.4825,0.6650973564295782
binary,SW,194,0.485,0.6672899214815082
binary,SW,195,0.4875,0.669442422567139
binary,SW,196,0.49,0.6715565789928415
binary,SW,197,0.4925,0.6736339944034001
binary,SW,198,0.495,0.6756761656404393
binary,SW,199,0.4975,0.6776844909176494
binary,SW,200,0.5,0.679660277397163
binary,SW,201,0.5025,0.6816047482004888
binary,SW,202,0.505,0.68351904889503
binary,SW,203,0.5075,0.6854042535190582
binary,SW,204,0.51,0.6872613701897744
binary,SW,205,0.5125,0.6890913462723841
binary,SW,206,0.515,0.6908950731762329
binary,SW,207,0.5175,0.6926733907868302
binary,SW,208,0.52,0.6944270916516816
binary,SW,209,0.5225,0.696156924640096
binary,SW,210,0.525,0.697863598152919
binary,SW,211,0.5275,0.6995477829396448
binary,SW,212,0.53,0.7012101145517833
binary,SW,213,0.5325,0.7028511955331184
binary,SW,214,0.535,0.7044715973948197
binary,SW,215,0.5375,0.706071862431791
binary,SW,216,0.54,0.7076525054482965
binary,SW,217,0.5425,0.709214015442945
binary,SW,218,0.545,0.710756857255633
binary,SW,219,0.5475,0.7122814732251532
binary,SW,220,0.55,0.7137882848413286
binary,SW,221,0.5525,0.7152776944283329
binary,SW,222,0.555,0.7167500868152527
binary,SW,223,0.5575,0.718205831006025
binary,SW,224,0.56,0.7196452818054221
binary,SW,225,0.5625,0.721068781372861
binary,SW,226,0.565,0.7224766606600039
binary,SW,227,0.5675,0.7238692407357795
binary,SW,228,0.57,0.7252468339175876
binary,SW,229,0.5725,0.7266097447267726
binary,SW,230,0.575,0.7279582706542376
binary,SW,231,0.5775,0.7292927027518918
binary,SW,232,0.58,0.7306133260580436
binary,SW,233,0.5825,0.7319204198791774
binary,SW,234,0.585,0.7332142579432289
binary,SW,235,0.5875,0.7344951084426204
binary,SW,236,0.59,0.7357632339941529
binary,SW,237,0.5925,0.7370188915294363
binary,SW,238,0.595,0.7382623321301617
binary,SW,239,0.5975,0.7394938008383964
binary,SW,240,0.6,0.7407135364533128
binary,SW,241,0.6025,0.7419217713249632
binary,SW,242,0.605,0.7431187311683556
binary,SW,243,0.6075,0.7443046348977534
binary,SW,244,0.61,0.7454796945069899
binary,SW,245,0.6125,0.7466441149713323
binary,SW,246,0.615,0.7477980942108018
binary,SW,247,0.6175,0.7489418230901054
binary,SW,248,0.62,0.7500754854622033
binary,SW,249,0.6225,0.7511992582467834
binary,SW,250,0.625,0.7523133115654026
binary,SW,251,0.6275,0.7534178088890529
binary,SW,252,0.63,0.7545129072252379
binary,SW,253,0.6325,0.7555987573278063
binary,SW,254,0.635,0.7566755039278039
binary,SW,255,0.6375,0.7577432859812483
binary,SW,256,0.64,0.7588022369268473
binary,SW,257,0.6425,0.7598524849561713
binary,SW,258,0.645,0.7608941532811854
binary,SW,259,0.6475,0.7619273604055082
binary,SW,260,0.65,0.7629522203899842
binary,SW,261,0.6525,0.7639688431114695
binary,SW,262,0.655,0.7649773345123301
binary,SW,263,0.6575,0.7659777968456877
binary,SW,264,0.66,0.7669703289051312
binary,SW,265,0.6625,0.7679550262433442
binary,SW,266,0.665,0.7689319813850658
binary,SW,267,0.6675,0.7699012840253455
binary,SW,268,0.67,0.7708630212194437
binary,SW,269,0.6725,0.7718172775593866
binary,SW,270,0.675,0.772764135343757
binary,SW,271,0.6775,0.773703674735941
binary,SW,272,0.68,0.7746359739150738
binary,SW,273,0.6825,0.7755611092125422
binary,SW,274,0.685,0.7764791552454868
binary,SW,275,0.6875,0.7773901850379223
binary,SW,276,0.69,0.7782942701331578
binary,SW,277,0.6925,0.7791914807000249
binary,SW,278,0.695,0.7800818856279145
binary,SW,279,0.6975,0.7809655526176756
binary,SW,280,0.7,0.7818425482627139
binary,SW,281,0.7025,0.7827129381214033
binary,SW,282,0.705,0.7835767867879513
binary,SW,283,0.7075,0.784434157951333
binary,SW,284,0.71,0.7852851144523236
binary,SW,285,0.7125,0.7861297183331576
binary,SW,286,0.715,0.7869680308801312
binary,SW,287,0.7175,0.7878001126675244
binary,SW,288,0.72,0.7886260235902401
binary,SW,289,0.7225,0.7894458228965154
binary,SW,290,0.725,0.7902595692166723
binary,SW,291,0.7275,0.7910673205880638
binary,SW,292,0.73,0.7918691344747751
binary,SW,293,0.7325,0.7926650677901689
binary,SW,294,0.735,0.793455176911106
binary,SW,295,0.7375,0.7942395176944754
binary,SW,296,0.74,0.7950181454871496
binary,SW,297,0.7425,0.7957911151376952
binary,SW,298,0.745,0.796558481008771
binary,SW,299,0.7475,0.7973202969788545
binary,SW,300,0.75,0.7980766164534526
binary,SW,301,0.7525,0.798827492369686
binary,SW,302,0.755,0.7995729771963831
binary,SW,303,0.7575,0.8003131229442947
binary,SW,304,0.76,0.801047981164378
binary,SW,305,0.7625,0.8017776029505466
binary,SW,306,0.765,0.8025020389426079
binary,SW,307,0.7675,0.8032213393255739
binary,SW,308,0.77,0.8039355538341942
binary,SW,309,0.7725,0.8046447317485943
binary,SW,310,0.775,0.8053489218979106
binary,SW,311,0.7775,0.8060481726607959
binary,SW,312,0.78,0.8067425319643294
binary,SW,313,0.7825,0.8074320472847994
binary,SW,314,0.785,0.8081167656478874
binary,SW,315,0.7875,0.8087967336274942
binary,SW,316,0.79,0.8094719973501048
binary,SW,317,0.7925,0.8101426024896413
binary,SW,318,0.795,0.8108085942733244
binary,SW,319,0.7975,0.8114700174774968
binary,SW,320,0.8,0.8121269164315911
binary,SW,321,0.8025,0.8127793350176077
binary,SW,322,0.805,0.8134273166728404
binary,SW,323,0.8075,0.814070904388097
binary,SW,324,0.81,0.8147101407116868
binary,SW,325,0.8125,0.8153450677492656
binary,SW,326,0.815,0.8159757271670866
binary,SW,327,0.8175,0.8166021601916397
binary,SW,328,0.82,0.8172244076136498
binary,SW,329,0.8225,0.8178425097894036
binary,SW,330,0.825,0.8184565066416195
binary,SW,331,0.8275,0.8190664376642629
binary,SW,332,0.83,0.8196723419226347
binary,SW,333,0.8325,0.8202742580572664
binary,SW,334,0.835,0.8208722242855302
binary,SW,335,0.8375,0.8214662784071914
binary,SW,336,0.84,0.822056457803286
binary,SW,337,0.8425,0.8226427994417288
binary,SW,338,0.845,0.8232253398801597
binary,SW,339,0.8475,0.8238041152685716
binary,SW,340,0.85,0.824379161354204
binary,SW,341,0.8525,0.8249505134819213
binary,SW,342,0.855,0.8255182066011596
binary,SW,343,0.8575,0.8260822752670459
binary,SW,344,0.86,0.8266427536438717
binary,SW,345,0.8625,0.8271996755125827
binary,SW,346,0.865,0.8277530742678127
binary,SW,347,0.8675,0.8283029829291346
binary,SW,348,0.87,0.8288494341385956
binary,SW,349,0.8725,0.8293924601681111
binary,SW,350,0.875,0.8299320929212318
binary,SW,351,0.8775,0.8304683639393685
binary,SW,352,0.88,0.8310013044018638
binary,SW,353,0.8825,0.8315309451347456
binary,SW,354,0.885,0.8320573166098523
binary,SW,355,0.8875,0.8325804489505518
binary,SW,356,0.89,0.8331003719373801
binary,SW,357,0.8925,0.8336171150077102
binary,SW,358,0.895,0.8341307072638088
binary,SW,359,0.8975,0.8346411774733338
binary,SW,360,0.9,0.8351485540757791
binary,SW,361,0.9025,0.8356528651834565
binary,SW,362,0.905,0.8361541385876471
binary,SW,363,0.9075,0.8366524017601028
binary,SW,364,0.91,0.8371476818572949
binary,SW,365,0.9125,0.8376400057254819
binary,SW,366,0.915,0.8381293999013298
binary,SW,367,0.9175,0.8386158906174677
binary,SW,368,0.92,0.8390995038047243
binary,SW,369,0.9225,0.8395802650966123
binary,SW,370,0.925,0.840058199831263
binary,SW,371,0.9275,0.8405333330565888
binary,SW,372,0.93,0.8410056895326019
binary,SW,373,0.9325,0.8414752937367294
binary,SW,374,0.935,0.8419421698649031
binary,SW,375,0.9375,0.842406341837224
binary,SW,376,0.94,0.8428678333016038
binary,SW,377,0.9425,0.8433266676362615
binary,SW,378,0.945,0.8437828679550627
binary,SW,379,0.9475,0.8442364571091401
binary,SW,380,0.95,0.8446874576938536
binary,SW,381,0.9525,0.8451358920488767
binary,SW,382,0.955,0.8455817822644053
binary,SW,383,0.9575,0.8460251501830981
binary,SW,384,0.96,0.846466017404856
binary,SW,385,0.9625,0.8469044052888809
binary,SW,386,0.965,0.8473403349575115
binary,SW,387,0.9675,0.8477738273001324
binary,SW,388,0.97,0.8482049029742382
binary,SW,389,0.9725,0.8486335824109971
binary,SW,390,0.975,0.8490598858167513
binary,SW,391,0.9775,0.8494838331749844
binary,SW,392,0.98,0.849905444250982
binary,SW,393,0.9825,0.8503247385934576
binary,SW,394,0.985,0.8507417355375739
binary,SW,395,0.9875,0.8511564542071078
binary,SW,396,0.99,0.8515689135173342
binary,SW,397,0.9925,0.8519791321770578
binary,SW,398,0.995,0.852387128691637
binary,SW,399,0.9975,0.8527929213650282
binary,SW,400,1.0,0.8531965283025068
binary,CPA,1,0.0025,0.20246587708064115
binary,CPA,2,0.005,0.20246621764461809
binary,CPA,3,0.0075,0.20246647603124046
binary,CPA,4,0.01,0.20246671138714367
binary,CPA,5,0.0125,0.20246694040960023
binary,CPA,6,0.015,0.20246716859302305
binary,CPA,7,0.0175,0.20246739780248765
binary,CPA,8,0.02,0.20246762857268485
binary,CPA,9,0.0225,0.2024678609272943
binary,CPA,10,0.025,0.20246809470269453
binary,CPA,11,0.0275,0.2024683296828553
binary,CPA,12,0.03,0.2024685656554804
binary,CPA,13,0.0325,0.20246880243343657
binary,CPA,14,0.035,0.20246903986081585
binary,CPA,15,0.0375,0.2024692778126033
binary,CPA,16,0.04,0.20246951619278653
binary,CPA,17,0.0425,0.20246975493415725
binary,CPA,18,0.045,0.20246999400364027
binary,CPA,19,0.0475,0.2024702334195049
binary,CPA,20,0.05,0.20247047329228113
binary,CPA,21,0.0525,0.2024707139113099
binary,CPA,22,0.055,0.20247095591654868
binary,CPA,23,0.0575,0.20247120062472246
binary,CPA,24,0.06,0.20247145062588898
binary,CPA,25,0.0625,0.2024717108395876
binary,CPA,26,0.065,0.20247199032854177
binary,CPA,27,0.0675,0.20247230532546204
binary,CPA,28,0.07,0.20247268414849284
binary,CPA,29,0.0725,0.20247317497840775
binary,CPA,30,0.075,0.2024738578599985
binary,CPA,31,0.0775,0.2024748627813518
binary,CPA,32,0.08,0.20247639628390013
binary,CPA,33,0.0825,0.20247877975807685
binary,CPA,34,0.085,0.20248250336674128
binary,CPA,35,0.0875,0.20248830037711685
binary,CPA,36,0.09,0.20249724751627038
binary,CPA,37,0.0925,0.2025108977159363
binary,CPA,38,0.095,0.20253145217157653
binary,CPA,39,0.0975,0.20256197886704572
binary,CPA,40,0.1,0.20260668443292548
binary,CPA,41,0.1025,0.2026712451818294
binary,CPA,42,0.105,0.20276320110579696
binary,CPA,43,0.1075,0.2028924131811878
binary,CPA,44,0.11,0.20307157908149112
binary,CPA,45,0.1125,0.20331679476604866
binary,CPA,46,0.115,0.2036481388423525
binary,CPA,47,0.1175,0.20409024281480032
binary,CPA,48,0.12,0.20467279335553099
binary,CPA,49,0.1225,0.2054308924356156
binary,CPA,50,0.125,0.2064051788518666
binary,CPA,51,0.1275,0.20764160059305545
binary,CPA,52,0.13,0.2091907182089674
binary,CPA,53,0.1325,0.21110642998596485
binary,CPA,54,0.135,0.21344405153083026
binary,CPA,55,0.1375,0.21625775673911513
binary,CPA,56,0.14,0.21959747854009304
binary,CPA,57,0.1425,0.22350555270481762
binary,CPA,58,0.145,0.22801340659356278
binary,CPA,59,0.1475,0.2331387279276104
binary,CPA,60,0.15,0.23888352772375343
binary,CPA,61,0.1525,0.2452333949500104
binary,CPA,62,0.155,0.25215805794969104
binary,CPA,63,0.1575,0.2596131603974929
binary,CPA,64,0.16,0.2675429855319002
binary,CPA,65,0.1625,0.2758837486813931
binary,CPA,66,0.165,0.2845670514896704
binary,CPA,67,0.1675,0.2935231417082685
binary,CPA,68,0.17,0.3026837202406152
binary,CPA,69,0.1725,0.31198414772311434
binary,CPA,70,0.175,0.3213650138264129
binary,CPA,71,0.1775,0.3307731077701582
binary,CPA,72,0.18,0.34016187457414476
binary,CPA,73,0.1825,0.3494914576267801
binary,CPA,74,0.185,0.3587284494520671
binary,CPA,75,0.1875,0.367845459041774
binary,CPA,76,0.19,0.37682053229043855
binary,CPA,77,0.1925,0.38563818439418107
binary,CPA,78,0.195,0.39428300227928514
binary,CPA,79,0.1975,0.40274600180195697
binary,CPA,80,0.2,0.4110209232057722
binary,CPA,81,0.2025,0.41910397637011965
binary,CPA,82,0.205,0.42699342728330614
binary,CPA,83,0.2075,0.43468921767195534
binary,CPA,84,0.21,0.4421922250017283
binary,CPA,85,0.2125,0.4495055305371137
binary,CPA,86,0.215,0.45663211358780814
binary,CPA,87,0.2175,0.46357569124843834
binary,CPA,88,0.22,0.47034050130322974
binary,CPA,89,0.2225,0.4769311396057378
binary,CPA,90,0.225,0.4833524343363787
binary,CPA,91,0.2275,0.489609347670176
binary,CPA,92,0.23,0.49570690050302296
binary,CPA,93,0.2325,0.5016501166106819
binary,CPA,94,0.235,0.5074439827560071
binary,CPA,95,0.2375,0.5130934194855201
binary,CPA,96,0.24,0.5186032585124222
binary,CPA,97,0.2425,0.5239782241231353
binary,CPA,98,0.245,0.5292229180592242
binary,CPA,99,0.2475,0.5343418076084326
binary,CPA,100,0.25,0.5393392164336782
binary,CPA,101,0.2525,0.5442193200721671
binary,CPA,102,0.255,0.5489861442648083
binary,CPA,103,0.2575,0.5536435650249761
binary,CPA,104,0.26,0.5581953091133236
binary,CPA,105,0.2625,0.5626449552924945
binary,CPA,106,0.265,0.5669959372438168
binary,CPA,107,0.2675,0.5712515482239393
binary,CPA,108,0.27,0.5754149470784238
binary,CPA,109,0.2725,0.5794891647342654
binary,CPA,110,0.275,0.5834771106563678
binary,CPA,111,0.2775,0.5873815788373358
binary,CPA,112,0.28,0.5912052531294717
binary,CPA,113,0.2825,0.5949507118998998
binary,CPA,114,0.285,0.5986204320890472
binary,CPA,115,0.2875,0.6022167928511508
binary,CPA,116,0.29,0.6057420789353133
binary,CPA,117,0.2925,0.6091984839663641
binary,CPA,118,0.295,0.6125881137280773
binary,CPA,119,0.2975,0.6159129894967285
binary,CPA,120,0.3,0.6191750514324791
binary,CPA,121,0.3025,0.6223761619997296
binary,CPA,122,0.305,0.6255181093450617
binary,CPA,123,0.3075,0.6286026105982441
binary,CPA,124,0.31,0.6316313151149235
binary,CPA,125,0.3125,0.6346058076662213
binary,CPA,126,0.315,0.6375276115752158
binary,CPA,127,0.3175,0.6403981917796605
binary,CPA,128,0.32,0.6432189577845095
binary,CPA,129,0.3225,0.6459912664581795
binary,CPA,130,0.325,0.6487164246532343
binary,CPA,131,0.3275,0.6513956916262251
binary,CPA,132,0.33,0.654030281267658
binary,CPA,133,0.3325,0.6566213641588937
binary,CPA,134,0.335,0.6591700694793599
binary,CPA,135,0.3375,0.661677486785633
binary,CPA,136,0.34,0.664144667684216
binary,CPA,137,0.3425,0.6665726274144357
binary,CPA,138,0.345,0.6689623463544297
binary,CPA,139,0.3475,0.6713147714833647
binary,CPA,140,0.35,0.6736308177676803
binary,CPA,141,0.3525,0.6759113694668126
binary,CPA,142,0.355,0.6781572813634141
binary,CPA,143,0.3575,0.6803693799216578
binary,CPA,144,0.36,0.6825484643881613
binary,CPA,145,0.3625,0.6846953078516537
binary,CPA,146,0.365,0.6868106582864876
binary,CPA,147,0.3675,0.6888952395797439
binary,CPA,148,0.37,0.6909497525497246
binary,CPA,149,0.3725,0.6929748759488447
binary,CPA,150,0.375,0.6949712674399565
binary,CPA,151,0.3775,0.69693956453276
binary,CPA,152,0.38,0.6988803854683769
binary,CPA,153,0.3825,0.7007943300431956
binary,CPA,154,0.385,0.7026819803680288
binary,CPA,155,0.3875,0.7045439015631
binary,CPA,156,0.39,0.7063806423936732
binary,CPA,157,0.3925,0.7081927358536199
binary,CPA,158,0.395,0.7099806997054805
binary,CPA,159,0.3975,0.7117450369860812
binary,CPA,160,0.4,0.7134862364853987
binary,CPA,161,0.4025,0.7152047732046056
binary,CPA,162,0.405,0.7169011088003439
binary,CPA,163,0.4075,0.7185756920158278
binary,CPA,164,0.41,0.7202289117446828
binary,CPA,165,0.4125,0.7218612467838034
binary,CPA,166,0.415,0.7234731065233713
binary,CPA,167,0.4175,0.7250648910021494
binary,CPA,168,0.42,0.7266369899198463
binary,CPA,169,0.4225,0.728189782695418
binary,CPA,170,0.425,0.7297236387174025
binary,CPA,171,0.4275,0.7312389176494045
binary,CPA,172,0.43,0.7327359697503103
binary,CPA,173,0.4325,0.7342151361932674
binary,CPA,174,0.435,0.7356767493743921
binary,CPA,175,0.4375,0.737121133210799
binary,CPA,176,0.44,0.738548603428445
binary,CPA,177,0.4425,0.7399594678305906
binary,CPA,178,0.445,0.7413540265603676
binary,CPA,179,0.4475,0.7427325723466425
binary,CPA,180,0.45,0.7440953907414454
binary,CPA,181,0.4525,0.7454427603418207
binary,CPA,182,0.455,0.7467749530058906
binary,CPA,183,0.4575,0.7480922340582941
binary,CPA,184,0.46,0.7493948624856925
binary,CPA,185,0.4625,0.7506830911286575
binary,CPA,186,0.465,0.7519571668659749
binary,CPA,187,0.4675,0.7532173307951867
binary,CPA,188,0.47,0.7544638184055665
binary,CPA,189,0.4725,0.7556968597494049
binary,CPA,190,0.475,0.7569166796052315
binary,CPA,191,0.4775,0.7581234976378676
binary,CPA,192,0.48,0.7593175285506535
binary,CPA,193,0.4825,0.7604989822322064
binary,CPA,194,0.485,0.761668063899176
binary,CPA,195,0.4875,0.762824974230698
binary,CPA,196,0.49,0.763969909495222
binary,CPA,197,0.4925,0.7651030616748485
binary,CPA,198,0.495,0.7662246185806897
binary,CPA,199,0.4975,0.767334763964283
binary,CPA,200,0.5,0.7684336776240475
binary,CPA,201,0.5025,0.7695215355071351
binary,CPA,202,0.505,0.7705985098100695
binary,CPA,203,0.5075,0.7716647690732591
binary,CPA,204,0.51,0.7727204782784732
binary,CPA,205,0.5125,0.7737657989413761
binary,CPA,206,0.515,0.7748008892044633
binary,CPA,207,0.5175,0.7758259039268415
binary,CPA,208,0.52,0.7768409947751691
binary,CPA,209,0.5225,0.7778463103099414
binary,CPA,210,0.525,0.7788419960703322
binary,CPA,211,0.5275,0.7798281946575424
binary,CPA,212,0.53,0.7808050458126632
binary,CPA,213,0.5325,0.7817726864937227
binary,CPA,214,0.535,0.7827312509488826
binary,CPA,215,0.5375,0.7836808707858066
binary,CPA,216,0.54,0.7846216750387465
binary,CPA,217,0.5425,0.7855537902324787
binary,CPA,218,0.545,0.7864773404431656
binary,CPA,219,0.5475,0.7873924473585985
binary,CPA,220,0.55,0.7882992303320943
binary,CPA,221,0.5525,0.7891978064401247
binary,CPA,222,0.555,0.7900882905336538
binary,CPA,223,0.5575,0.790970795289158
binary,CPA,224,0.56,0.7918454312598356
binary,CPA,225,0.5625,0.7927123069232299
binary,CPA,226,0.565,0.7935715287291131
binary,CPA,227,0.5675,0.7944232011457472
binary,CPA,228,0.57,0.7952674267057089
binary,CPA,229,0.5725,0.7961043060497802
binary,CPA,230,0.575,0.7969339379700308
binary,CPA,231,0.5775,0.7977564194535978
binary,CPA,232,0.58,0.7985718457219997
binary,CPA,233,0.5825,0.7993803102741988
binary,CPA,234,0.585,0.8001819049234337
binary,CPA,235,0.5875,0.8009767198387747
binary,CPA,236,0.59,0.8017648435804109
binary,CPA,237,0.5925,0.8025463631377046
binary,CPA,238,0.595,0.8033213639648011
binary,CPA,239,0.5975,0.8040899300149243
binary,CPA,240,0.6,0.804852143775139
binary,CPA,241,0.6025,0.8056080862986832
binary,CPA,242,0.605,0.806357837237308
binary,CPA,243,0.6075,0.8071014748715467
binary,CPA,244,0.61,0.8078390761427219
binary,CPA,245,0.6125,0.8085707166807161
binary,CPA,246,0.615,0.8092964708333321
binary,CPA,247,0.6175,0.8100164116935576
binary,CPA,248,0.62,0.8107306111272412
binary,CPA,249,0.6225,0.8114391397986286
binary,CPA,250,0.625,0.8121420671963129
binary,CPA,251,0.6275,0.8128394616580394
binary,CPA,252,0.63,0.8135313903943696
binary,CPA,253,0.6325,0.8142179195131329
binary,CPA,254,0.635,0.8148991140413472
binary,CPA,255,0.6375,0.8155750379481385
binary,CPA,256,0.64,0.8162457541661233
binary,CPA,257,0.6425,0.8169113246133074
binary,CPA,258,0.645,0.8175718102122738
binary,CPA,259,0.6475,0.8182272709121418
binary,CPA,260,0.65,0.8188777657068175
binary,CPA,261,0.6525,0.8195233526544182
binary,CPA,262,0.655,0.8201640888968429
binary,CPA,263,0.6575,0.820800030676726
binary,CPA,264,0.66,0.8214312333557541
binary,CPA,265,0.6625,0.8220577514327133
binary,CPA,266,0.665,0.8226796385591877
binary,CPA,267,0.6675,0.8232969475567345
binary,CPA,268,0.67,0.8239097304334484
binary,CPA,269,0.6725,0.8245180383989991
binary,CPA,270,0.675,0.8251219218804218
binary,CPA,271,0.6775,0.8257214305370003
binary,CPA,272,0.68,0.8263166132751215
binary,CPA,273,0.6825,0.8269075182628909
binary,CPA,274,0.685,0.8274941929432
binary,CPA,275,0.6875,0.8280766840485756
binary,CPA,276,0.69,0.8286550376138233
binary,CPA,277,0.6925,0.8292292989896987
binary,CPA,278,0.695,0.82979951285505
binary,CPA,279,0.6975,0.8303657232299946
binary,CPA,280,0.7,0.8309279734872684
binary,CPA,281,0.7025,0.8314863063652619
binary,CPA,282,0.705,0.832040763979075
binary,CPA,283,0.7075,0.8325913878316034
binary,CPA,284,0.71,0.8331382188258916
binary,CPA,285,0.7125,0.833681297274948
binary,CPA,286,0.715,0.8342206629123735
binary,CPA,287,0.7175,0.8347563549039464
binary,CPA,288,0.72,0.8352884118568159
binary,CPA,289,0.7225,0.8358168718297772
binary,CPA,290,0.725,0.8363417723430111
binary,CPA,291,0.7275,0.8368631503881642
binary,CPA,292,0.73,0.837381042436896
binary,CPA,293,0.7325,0.8378954844505346
binary,CPA,294,0.735,0.8384065118893103
binary,CPA,295,0.7375,0.8389141597207386
binary,CPA,296,0.74,0.8394184624280573
binary,CPA,297,0.7425,0.839919454019758
binary,CPA,298,0.745,0.8404171680365933
binary,CPA,299,0.7475,0.8409116375604195
binary,CPA,300,0.75,0.8414028952213934
binary,CPA,301,0.7525,0.841890973207153
binary,CPA,302,0.755,0.842375903268803
binary,CPA,303,0.7575,0.8428577167293163
binary,CPA,304,0.76,0.8433364444908503
binary,CPA,305,0.7625,0.8438121170411359
binary,CPA,306,0.765,0.8442847644611682
binary,CPA,307,0.7675,0.8447544164318219
binary,CPA,308,0.77,0.8452211022406378
binary,CPA,309,0.7725,0.845684850787731
binary,CPA,310,0.775,0.8461456905935314
binary,CPA,311,0.7775,0.8466036498036198
binary,CPA,312,0.78,0.8470587561960197
binary,CPA,313,0.7825,0.8475110371867123
binary,CPA,314,0.785,0.8479605198353443
binary,CPA,315,0.7875,0.8484072308519508
binary,CPA,316,0.79,0.8488511966011795
binary,CPA,317,0.7925,0.849292443109642
binary,CPA,318,0.795,0.849730996069562
binary,CPA,319,0.7975,0.8501668808460537
binary,CPA,320,0.8,0.8506001224802838
binary,CPA,321,0.8025,0.8510307456967925
binary,CPA,322,0.805,0.8514587749067267
binary,CPA,323,0.8075,0.8518842342138517
binary,CPA,324,0.81,0.8523071474192825
binary,CPA,325,0.8125,0.8527275380260652
binary,CPA,326,0.815,0.8531454292439993
binary,CPA,327,0.8175,0.8535608439938573
binary,CPA,328,0.82,0.853973804912717
binary,CPA,329,0.8225,0.8543843343577487
binary,CPA,330,0.825,0.8547924544105676
binary,CPA,331,0.8275,0.8551981868819664
binary,CPA,332,0.83,0.8556015533156804
binary,CPA,333,0.8325,0.8560025749925577
binary,CPA,334,0.835,0.8564012729347967
binary,CPA,335,0.8375,0.8567976679097816
binary,CPA,336,0.84,0.857191780433817
binary,CPA,337,0.8425,0.8575836307763253
binary,CPA,338,0.845,0.8579732389632184
binary,CPA,339,0.8475,0.8583606247809875
binary,CPA,340,0.85,0.85874580777968
binary,CPA,341,0.8525,0.859128807277385
binary,CPA,342,0.855,0.8595096423623734
binary,CPA,343,0.8575,0.8598883318979806
binary,CPA,344,0.86,0.8602648945253344
binary,CPA,345,0.8625,0.8606393486659609
binary,CPA,346,0.865,0.8610117125261053
binary,CPA,347,0.8675,0.8613820040997245
binary,CPA,348,0.87,0.8617502411709357
binary,CPA,349,0.8725,0.8621164413177438
binary,CPA,350,0.875,0.8624806219146505
binary,CPA,351,0.8775,0.8628428001360521
binary,CPA,352,0.88,0.8632029929587226
binary,CPA,353,0.8825,0.8635612171646976
binary,CPA,354,0.885,0.8639174893445191
binary,CPA,355,0.8875,0.8642718258995513
binary,CPA,356,0.89,0.8646242430449934
binary,CPA,357,0.8925,0.8649747568119378
binary,CPA,358,0.895,0.8653233830508921
binary,CPA,359,0.8975,0.865670137433599
binary,CPA,360,0.9,0.8660150354560371
binary,CPA,361,0.9025,0.8663580924404796
binary,CPA,362,0.905,0.8666993235384777
binary,CPA,363,0.9075,0.8670387437326712
binary,CPA,364,0.91,0.8673763678395913
binary,CPA,365,0.9125,0.867712210511889
binary,CPA,366,0.915,0.8680462862404736
binary,CPA,367,0.9175,0.8683786093568496
binary,CPA,368,0.92,0.8687091940353436
binary,CPA,369,0.9225,0.869038054295449
binary,CPA,370,0.925,0.8693652040035584
binary,CPA,371,0.9275,0.8696906568756144
binary,CPA,372,0.93,0.8700144264786857
binary,CPA,373,0.9325,0.8703365262331675
binary,CPA,374,0.935,0.8706569694149663
binary,CPA,375,0.9375,0.8709757691569463
binary,CPA,376,0.94,0.8712929384517855
binary,CPA,377,0.9425,0.8716084901529804
binary,CPA,378,0.945,0.8719224369772286
binary,CPA,379,0.9475,0.8722347915058408
binary,CPA,380,0.95,0.8725455661872126
binary,CPA,381,0.9525,0.8728547733379222
binary,CPA,382,0.955,0.8731624251449175
binary,CPA,383,0.9575,0.8734685336667434
binary,CPA,384,0.96,0.8737731108360338
binary,CPA,385,0.9625,0.8740761684604735
binary,CPA,386,0.965,0.874377718224657
binary,CPA,387,0.9675,0.874677771691886
binary,CPA,388,0.97,0.8749763403054905
binary,CPA,389,0.9725,0.8752734353904208
binary,CPA,390,0.975,0.8755690681549482
binary,CPA,391,0.9775,0.8758632496920703
binary,CPA,392,0.98,0.876155990980847
binary,CPA,393,0.9825,0.8764473028883811
binary,CPA,394,0.985,0.8767371961705792
binary,CPA,395,0.9875,0.877025681474014
binary,CPA,396,0.99,0.8773127693372603
binary,CPA,397,0.9925,0.8775984701923399
binary,CPA,398,0.995,0.8778827943656161
binary,CPA,399,0.9975,0.8781657520797089
binary,CPA,400,1.0,0.8784473534546464
lmh,PR,1,0.0025,0.00038738099940769483
lmh,PR,2,0.005,0.00038756494217042026
lmh,PR,3,0.0075,0.00038804804411910236
lmh,PR,4,0.01,0.0003886754974471196
lmh,PR,5,0.0125,0.0003893690557836747
lmh,PR,6,0.015,0.0003900950360158113
lmh,PR,7,0.0175,0.00039084064420407696
lmh,PR,8,0.02,0.0003916016661438768
lmh,PR,9,0.0225,0.0003923769866058788
lmh,PR,10,0.025,0.00039316639246786753
lmh,PR,11,0.0275,0.00039396977446601983
lmh,PR,12,0.03,0.0003947868764806216
lmh,PR,13,0.0325,0.0003956172458331495
lmh,PR,14,0.035,0.00039646025181242547
lmh,PR,15,0.0375,0.0003973151245128968
lmh,PR,16,0.04,0.00039818099990542754
lmh,PR,17,0.0425,0.0003990569560984577
lmh,PR,18,0.045,0.00039994205251209496
lmh,PR,19,0.0475,0.00040083535827171085
lmh,PR,20,0.05,0.00040173597552342464
lmh,PR,21,0.0525,0.0004026430568669324
lmh,PR,22,0.055,0.00040355581778496626
lmh,PR,23,0.0575,0.0004044735427129824
lmh,PR,24,0.06,0.00040539558883747305
lmh,PR,25,0.0625,0.00040632138559632973
lmh,PR,26,0.065,0.0004072504322626654
lmh,PR,27,0.0675,0.0004081822941568444
lmh,PR,28,0.07,0.00040911659758099354
lmh,PR,29,0.0725,0.00041005302424533226
lmh,PR,30,0.075,0.0004109913051790204
lmh,PR,31,0.0775,0.0004119312148133545
lmh,PR,32,0.08,0.0004128725655406491
lmh,PR,33,0.0825,0.0004138152025078065
lmh,PR,34,0.085,0.0004147589989629107
lmh,PR,35,0.0875,0.00041570385199615815
lmh,PR,36,0.09,0.0004166496788480722
lmh,PR,37,0.0925,0.0004175964133850033
lmh,PR,38,0.095,0.0004185440037219412
lmh,PR,39,0.0975,0.0004194924091453059
lmh,PR,40,0.1,0.00042044159826342716
lmh,PR,41,0.1025,0.00042139154739005604
lmh,PR,42,0.105,0.0004223422392793864
lmh,PR,43,0.1075,0.00042329366164157165
lmh,PR,44,0.11,0.0004242458060512923
lmh,PR,45,0.1125,0.00042519866734492975
lmh,PR,46,0.115,0.00042615224263319116
lmh,PR,47,0.1175,0.00042710653137467263
lmh,PR,48,0.12,0.00042806153391381364
lmh,PR,49,0.1225,0.00042901725265052
lmh,PR,50,0.125,0.00042997368978397267
lmh,PR,51,0.1275,0.0004309308493756767
lmh,PR,52,0.13,0.0004318887352371783
lmh,PR,53,0.1325,0.0004328473516606937
lmh,PR,54,0.135,0.0004338067028547897
lmh,PR,55,0.1375,0.00043476679317085815
lmh,PR,56,0.14,0.0004357276266066606
lmh,PR,57,0.1425,0.00043668920715095604
lmh,PR,58,0.145,0.000437651538995829
lmh,PR,59,0.1475,0.0004386146260753044
lmh,PR,60,0.15,0.00043957847260075387
lmh,PR,61,0.1525,0.0004405430830995904
lmh,PR,62,0.155,0.0004415084613836617
lmh,PR,63,0.1575,0.00044247461120524906
lmh,PR,64,0.16,0.0004434415358414248
lmh,PR,65,0.1625,0.00044440923856522676
lmh,PR,66,0.165,0.00044537772235840866
lmh,PR,67,0.1675,0.0004463469901789093
lmh,PR,68,0.17,0.00044731704464425246
lmh,PR,69,0.1725,0.00044828788851271003
lmh,PR,70,0.175,0.0004492595240766016
lmh,PR,71,0.1775,0.0004502319538803776
lmh,PR,72,0.18,0.00045120518035655834
lmh,PR,73,0.1825,0.00045217920559673027
lmh,PR,74,0.185,0.00045315403167575446
lmh,PR,75,0.1875,0.0004541296605492959
lmh,PR,76,0.19,0.0004551060941651957
lmh,PR,77,0.1925,0.00045608333432089587
lmh,PR,78,0.195,0.0004570613830977083
lmh,PR,79,0.1975,0.000458040242344877
lmh,PR,80,0.2,0.00045901991364637933
lmh,PR,81,0.2025,0.00046000039890244765
lmh,PR,82,0.205,0.00046098170005203333
lmh,PR,83,0.2075,0.0004619638187155794
lmh,PR,84,0.21,0.00046294675647816326
lmh,PR,85,0.2125,0.00046393051506585025
lmh,PR,86,0.215,0.000464915095962238
lmh,PR,87,0.2175,0.00046590050055729846
lmh,PR,88,0.22,0.0004668867303055187
lmh,PR,89,0.2225,0.0004678737866962882
lmh,PR,90,0.225,0.00046886167105043624
lmh,PR,91,0.2275,0.0004698503847297048
lmh,PR,92,0.23,0.00047083992919256986
lmh,PR,93,0.2325,0.00047183030572443753
lmh,PR,94,0.235,0.0004728215155194384
lmh,PR,95,0.2375,0.0004738135604887808
lmh,PR,96,0.24,0.0004748064420959192
lmh,PR,97,0.2425,0.0004758001614524606
lmh,PR,98,0.245,0.0004767947197371814
lmh,PR,99,0.2475,0.0004777901182224398
lmh,PR,100,0.25,0.0004787863579855408
lmh,PR,101,0.2525,0.00047978344001521514
lmh,PR,102,0.255,0.0004807813653962922
lmh,PR,103,0.2575,0.0004817801352440994
lmh,PR,104,0.26,0.0004827797505895812
lmh,PR,105,0.2625,0.00048378021244457095
lmh,PR,106,0.265,0.00048478152189066745
lmh,PR,107,0.2675,0.0004857836799201833
lmh,PR,108,0.27,0.00048678668734230814
lmh,PR,109,0.2725,0.0004877905451986064
lmh,PR,110,0.275,0.0004887952545770286
lmh,PR,111,0.2775,0.0004898008169309707
lmh,PR,112,0.28,0.0004908072330934034
lmh,PR,113,0.2825,0.0004918145040376823
lmh,PR,114,0.285,0.0004928226306513464
lmh,PR,115,0.2875,0.0004938316138659003
lmh,PR,116,0.29,0.0004948414544884979
lmh,PR,117,0.2925,0.0004958521533041791
lmh,PR,118,0.295,0.0004968637109475251
lmh,PR,119,0.2975,0.0004978761280791173
lmh,PR,120,0.3,0.0004988894054824397
lmh,PR,121,0.3025,0.0004999035438386253
lmh,PR,122,0.305,0.000500918543726133
lmh,PR,123,0.3075,0.0005019344058348078
lmh,PR,124,0.31,0.0005029511308775362
lmh,PR,125,0.3125,0.000503968719672652
lmh,PR,126,0.315,0.000504987172848498
lmh,PR,127,0.3175,0.0005060064911235739
lmh,PR,128,0.32,0.000507026675372488
lmh,PR,129,0.3225,0.0005080477260689854
lmh,PR,130,0.325,0.0005090696437527417
lmh,PR,131,0.3275,0.0005100924289896112
lmh,PR,132,0.33,0.0005111160821759339
lmh,PR,133,0.3325,0.0005121406037402768
lmh,PR,134,0.335,0.000513165994206813
lmh,PR,135,0.3375,0.0005141922539970184
lmh,PR,136,0.34,0.0005152193834050017
lmh,PR,137,0.3425,0.000516247382845587
lmh,PR,138,0.345,0.0005172762528103927
lmh,PR,139,0.3475,0.000518305993624603
lmh,PR,140,0.35,0.0005193366057837761
lmh,PR,141,0.3525,0.0005203680897588523
lmh,PR,142,0.355,0.0005214004459684132
lmh,PR,143,0.3575,0.0005224336750179123
lmh,PR,144,0.36,0.0005234677780050135
lmh,PR,145,0.3625,0.0005245027555398503
lmh,PR,146,0.365,0.000525538607872711
lmh,PR,147,0.3675,0.000526575335230803
lmh,PR,148,0.37,0.0005276129379811253
lmh,PR,149,0.3725,0.0005286514164278683
lmh,PR,150,0.375,0.0005296907707200421
lmh,PR,151,0.3775,0.000530731001135537
lmh,PR,152,0.38,0.0005317721080901378
lmh,PR,153,0.3825,0.0005328140919754138
lmh,PR,154,0.385,0.0005338569529367476
lmh,PR,155,0.3875,0.0005349006914008749
lmh,PR,156,0.39,0.0005359453077486335
lmh,PR,157,0.3925,0.0005369908020384569
lmh,PR,158,0.395,0.0005380371744222156
lmh,PR,159,0.3975,0.0005390844252063226
lmh,PR,160,0.4,0.0005401325545132665
lmh,PR,161,0.4025,0.0005411815623662208
lmh,PR,162,0.405,0.0005422314490048206
lmh,PR,163,0.4075,0.0005432822147203611
lmh,PR,164,0.41,0.0005443338595694418
lmh,PR,165,0.4125,0.000545386383720849
lmh,PR,166,0.415,0.0005464397876469676
lmh,PR,167,0.4175,0.0005474940720547365
lmh,PR,168,0.42,0.0005485492385662982
lmh,PR,169,0.4225,0.0005496052924787701
lmh,PR,170,0.425,0.0005506622474262362
lmh,PR,171,0.4275,0.000551720141940953
lmh,PR,172,0.43,0.000552779086049191
lmh,PR,173,0.4325,0.0005538393939944164
lmh,PR,174,0.435,0.0005549019641010957
lmh,PR,175,0.4375,0.0005559693552188041
lmh,PR,176,0.44,0.0005570488498914526
lmh,PR,177,0.4425,0.0005581612875830918
lmh,PR,178,0.445,0.000559366344578783
lmh,PR,179,0.4475,0.0005608343008053407
lmh,PR,180,0.45,0.0005630549953312163
lmh,PR,181,0.4525,0.0005674495827876198
lmh,PR,182,0.455,0.0005781326493948546
lmh,PR,183,0.4575,0.0006071138701457187
lmh,PR,184,0.46,0.000689626070772339
lmh,PR,185,0.4625,0.0009254361509647604
lmh,PR,186,0.465,0.0015746957789590087
lmh,PR,187,0.4675,0.003208988538348824
lmh,PR,188,0.47,0.0067636201295031275
lmh,PR,189,0.4725,0.013345173479503881
lmh,PR,190,0.475,0.02395158318690235
lmh,PR,191,0.4775,0.03912790131056092
lmh,PR,192,0.48,0.05865991819241969
lmh,PR,193,0.4825,0.0816745392216214
lmh,PR,194,0.485,0.10703412953120478
lmh,PR,195,0.4875,0.1336610314997624
lmh,PR,196,0.49,0.16068234256206318
lmh,PR,197,0.4925,0.1874547384857857
lmh,PR,198,0.495,0.21353644509507633
lmh,PR,199,0.4975,0.23864449979695643
lmh,PR,200,0.5,0.2626131641912249
lmh,PR,201,0.5025,0.2853593967974528
lmh,PR,202,0.505,0.30685597459543085
lmh,PR,203,0.5075,0.3271120722324204
lmh,PR,204,0.51,0.3461602891349766
lmh,PR,205,0.5125,0.3640485257575516
lmh,PR,206,0.515,0.3808352461832835
lmh,PR,207,0.5175,0.39658684104737457
lmh,PR,208,0.52,0.4113759036529987
lmh,PR,209,0.5225,0.4252794836059545
lmh,PR,210,0.525,0.438375739042461
lmh,PR,211,0.5275,0.450739446799473
lmh,PR,212,0.53,0.4624375821723503
lmh,PR,213,0.5325,0.4735257981091739
lmh,PR,214,0.535,0.48404694414241395
lmh,PR,215,0.5375,0.4940317394446759
lmh,PR,216,0.54,0.5035011563273479
lmh,PR,217,0.5425,0.5124697257062031
lmh,PR,218,0.545,0.5209491042625476
lmh,PR,219,0.5475,0.5289512571400788
lmh,PR,220,0.55,0.536490992401823
lmh,PR,221,0.5525,0.5435876679883329
lmh,PR,222,0.555,0.5502660117034998
lmh,PR,223,0.5575,0.5565561033841402
lmh,PR,224,0.56,0.5624926596731893
lmh,PR,225,0.5625,0.5681138142232652
lmh,PR,226,0.565,0.5734595929623157
lmh,PR,227,0.5675,0.5785702553476858
lmh,PR,228,0.57,0.5834846424263589
lmh,PR,229,0.5725,0.5882386573841317
lmh,PR,230,0.575,0.5928640002823156
lmh,PR,231,0.5775,0.5973872582599015
lmh,PR,232,0.58,0.6018294477642218
lmh,PR,233,0.5825,0.6062060112665775
lmh,PR,234,0.585,0.6105271836309135
lmh,PR,235,0.5875,0.6147986452648
lmh,PR,236,0.59,0.6190223253397171
lmh,PR,237,0.5925,0.6231972308221672
lmh,PR,238,0.595,0.6273202142791654
lmh,PR,239,0.5975,0.6313866381033136
lmh,PR,240,0.6,0.6353909292091383
lmh,PR,241,0.6025,0.6393270406740406
lmh,PR,242,0.605,0.6431888448288566
lmh,PR,243,0.6075,0.6469704791522919
lmh,PR,244,0.61,0.6506666120490397
lmh,PR,245,0.6125,0.6542726757036984
lmh,PR,246,0.615,0.6577850385576871
lmh,PR,247,0.6175,0.6612011126352384
lmh,PR,248,0.62,0.6645193938051478
lmh,PR,249,0.6225,0.6677394570267701
lmh,PR,250,0.625,0.6708618924715094
lmh,PR,251,0.6275,0.673888195716843
lmh,PR,252,0.63,0.676820615779054
lmh,PR,253,0.6325,0.6796619937489529
lmh,PR,254,0.635,0.6824155997761441
lmh,PR,255,0.6375,0.6850849774875942
lmh,PR,256,0.64,0.6876738038616236
lmh,PR,257,0.6425,0.6901857693177044
lmh,PR,258,0.645,0.6926244836913228
lmh,PR,259,0.6475,0.6949934125064178
lmh,PR,260,0.65,0.6972958245291281
lmh,PR,261,0.6525,0.699534766322112
lmh,PR,262,0.655,0.701713036535352
lmh,PR,263,0.6575,0.7038331744361636
lmh,PR,264,0.66,0.705897455127892
lmh,PR,265,0.6625,0.7079078910781832
lmh,PR,266,0.665,0.7098662418460399
lmh,PR,267,0.6675,0.7117740307177434
lmh,PR,268,0.67,0.7136325693638889
lmh,PR,269,0.6725,0.7154429907975501
lmh,PR,270,0.675,0.7172062904767932
lmh,PR,271,0.6775,0.718923374777888
lmh,PR,272,0.68,0.7205951154095427
lmh,PR,273,0.6825,0.7222224075584726
lmh,PR,274,0.685,0.7238062290575638
lmh,PR,275,0.6875,0.725347693502044
lmh,PR,276,0.69,0.7268481085035553
lmh,PR,277,0.6925,0.7283090209540193
lmh,PR,278,0.695,0.729732248109884
lmh,PR,279,0.6975,0.731119897185587
lmh,PR,280,0.7,0.7324743715748111
lmh,PR,281,0.7025,0.7337983625162134
lmh,PR,282,0.705,0.7350948260287885
lmh,PR,283,0.7075,0.7363669459322306
lmh,PR,284,0.71,0.7376180846573072
lmh,PR,285,0.7125,0.7388517244259505
lmh,PR,286,0.715,0.7400714021261492
lmh,PR,287,0.7175,0.7412806417416208
lmh,PR,288,0.72,0.7424828884092688
lmh,PR,289,0.7225,0.7436814479365479
lmh,PR,290,0.725,0.7448794349528288
lmh,PR,291,0.7275,0.7460797318024246
lmh,PR,292,0.73,0.74728495898936
lmh,PR,293,0.7325,0.7484974566177655
lmh,PR,294,0.735,0.7497192750753746
lmh,PR,295,0.7375,0.7509521723738518
lmh,PR,296,0.74,0.7521976152472902
lmh,PR,297,0.7425,0.7534567813070268
lmh,PR,298,0.745,0.7547305601795062
lmh,PR,299,0.7475,0.7560195492980005
lmh,PR,300,0.75,0.7573240554815136
lmh,PR,301,0.7525,0.7586440926841918
lmh,PR,302,0.755,0.759979377282379
lmh,PR,303,0.7575,0.7613293274785553
lmh,PR,304,0.76,0.7626930687696712
lmh,PR,305,0.7625,0.764069446857769
lmh,PR,306,0.765,0.765457048811231
lmh,PR,307,0.7675,0.7668542324755337
lmh,PR,308,0.77,0.7682591633060429
lmh,PR,309,0.7725,0.7696698570403065
lmh,PR,310,0.775,0.7710842261183183
lmh,PR,311,0.7775,0.7725001275071172
lmh,PR,312,0.78,0.7739154096036742
lmh,PR,313,0.7825,0.7753279561272914
lmh,PR,314,0.785,0.7767357253074124
lmh,PR,315,0.7875,0.7781367831682305
lmh,PR,316,0.79,0.7795293302120581
lmh,PR,317,0.7925,0.7809117212855373
lmh,PR,318,0.795,0.7822824788148864
lmh,PR,319,0.7975,0.7836402999111843
lmh,PR,320,0.8,0.7849840580638258
lmh,PR,321,0.8025,0.7863128002693047
lmh,PR,322,0.805,0.787625740483494
lmh,PR,323,0.8075,0.7889222502724165
lmh,PR,324,0.81,0.7902018474737138
lmh,PR,325,0.8125,0.7914641835920972
lmh,PR,326,0.815,0.7927090305455057
lmh,PR,327,0.8175,0.7939362672600921
lmh,PR,328,0.82,0.795145866518856
lmh,PR,329,0.8225,0.7963378823579997
lmh,PR,330,0.825,0.7975124382221345
lmh,PR,331,0.8275,0.7986697160153629
lmh,PR,332,0.83,0.7998099461233108
lmh,PR,333,0.8325,0.8009333984351049
lmh,PR,334,0.835,0.8020403743589797
lmh,PR,335,0.8375,0.8031311997939784
lmh,PR,336,0.84,0.804206219006137
lmh,PR,337,0.8425,0.8052657893419636
lmh,PR,338,0.845,0.8063102767080389
lmh,PR,339,0.8475,0.8073400517420213
lmh,PR,340,0.85,0.808355486601334
lmh,PR,341,0.8525,0.8093569522982282
lmh,PR,342,0.855,0.8103448165147836
lmh,PR,343,0.8575,0.8113194418346802
lmh,PR,344,0.86,0.8122811843339532
lmh,PR,345,0.8625,0.8132303924825669
lmh,PR,346,0.865,0.8141674063091775
lmh,PR,347,0.8675,0.8150925567855486
lmh,PR,348,0.87,0.8160061654000756
lmh,PR,349,0.8725,0.8169085438869178
lmh,PR,350,0.875,0.8177999940838232
lmh,PR,351,0.8775,0.8186808078954053
lmh,PR,352,0.88,0.8195512673428982
lmh,PR,353,0.8825,0.8204116446807445
lmh,PR,354,0.885,0.821262202568781
lmh,PR,355,0.8875,0.8221031942863195
lmh,PR,356,0.89,0.8229348639772289
lmh,PR,357,0.8925,0.8237574469173987
lmh,PR,358,0.895,0.824571169798875
lmh,PR,359,0.8975,0.8253762510237798
lmh,PR,360,0.9,0.8261729010040403
lmh,PR,361,0.9025,0.8269613224616318
lmh,PR,362,0.905,0.8277417107290149
lmh,PR,363,0.9075,0.8285142540454695
lmh,PR,364,0.91,0.8292791338478489
lmh,PR,365,0.9125,0.8300365250555347
lmh,PR,366,0.915,0.8307865963473469
lmh,PR,367,0.9175,0.831529510429283
lmh,PR,368,0.92,0.8322654242951719
lmh,PR,369,0.9225,0.8329944894761856
lmh,PR,370,0.925,0.8337168522822725
lmh,PR,371,0.9275,0.8344326540332923
lmh,PR,372,0.93,0.8351420312810954
lmh,PR,373,0.9325,0.8358451160206309
lmh,PR,374,0.935,0.8365420358928055
lmh,PR,375,0.9375,0.8372329143776028
lmh,PR,376,0.94,0.8379178709775997
lmh,PR,377,0.9425,0.8385970213929805
lmh,PR,378,0.945,0.8392704776879325
lmh,PR,379,0.9475,0.8399383484494699
lmh,PR,380,0.95,0.8406007389380286
lmh,PR,381,0.9525,0.841257751229471
lmh,PR,382,0.955,0.8419094843507077
lmh,PR,383,0.9575,0.8425560344088199
lmh,PR,384,0.96,0.8431974947141724
lmh,PR,385,0.9625,0.8438339558971781
lmh,PR,386,0.965,0.8444655060191321
lmh,PR,387,0.9675,0.8450922306786758
lmh,PR,388,0.97,0.8457142131128016
lmh,PR,389,0.9725,0.8463315342935929
lmh,PR,390,0.975,0.8469442730199981
lmh,PR,391,0.9775,0.8475525060054363
lmh,PR,392,0.98,0.8481563079612269
lmh,PR,393,0.9825,0.8487557516754308
lmh,PR,394,0.985,0.8493509080880032
lmh,PR,395,0.9875,0.8499418463622238
lmh,PR,396,0.99,0.8505286339527065
lmh,PR,397,0.9925,0.8511113366696671
lmh,PR,398,0.995,0.8516900187391492
lmh,PR,399,0.9975,0.8522647428613955
lmh,PR,400,1.0,0.8528355702656338
lmh,CPA,1,0.0025,0.6066441958061087
lmh,CPA,2,0.005,0.6057243073063523
lmh,CPA,3,0.0075,0.6049082972443377
lmh,CPA,4,0.01,0.6041268896666088
lmh,CPA,5,0.0125,0.6033890181862548
lmh,CPA,6,0.015,0.6026596778063289
lmh,CPA,7,0.0175,0.6020259446027959
lmh,CPA,8,0.02,0.6013856171367161
lmh,CPA,9,0.0225,0.6007778715981403
lmh,CPA,10,0.025,0.6002057817851326
lmh,CPA,11,0.0275,0.5996621011447698
lmh,CPA,12,0.03,0.599172467607633
lmh,CPA,13,0.0325,0.598671318339936
lmh,CPA,14,0.035,0.5981904760471551
lmh,CPA,15,0.0375,0.5977527266172175
lmh,CPA,16,0.04,0.5973115303755148
lmh,CPA,17,0.0425,0.5969038711780983
lmh,CPA,18,0.045,0.5964766846605885
lmh,CPA,19,0.0475,0.5960854892070037
lmh,CPA,20,0.05,0.5957222610470727
lmh,CPA,21,0.0525,0.5953550534782396
lmh,CPA,22,0.055,0.5950272555570542
lmh,CPA,23,0.0575,0.5947048135296006
lmh,CPA,24,0.06,0.5944004959324584
lmh,CPA,25,0.0625,0.5941009241192882
lmh,CPA,26,0.065,0.5938115068724621
lmh,CPA,27,0.0675,0.5935442183190742
lmh,CPA,28,0.07,0.5932810734986425
lmh,CPA,29,0.0725,0.5930274009728063
lmh,CPA,30,0.075,0.5927741688957583
lmh,CPA,31,0.0775,0.5925430455676408
lmh,CPA,32,0.08,0.5923107875819384
lmh,CPA,33,0.0825,0.5920880295762581
lmh,CPA,34,0.085,0.5918679330428545
lmh,CPA,35,0.0875,0.591652644811618
lmh,CPA,36,0.09,0.5914539520100268
lmh,CPA,37,0.0925,0.5912466689736796
lmh,CPA,38,0.095,0.5910526748887454
lmh,CPA,39,0.0975,0.5908678351964922
lmh,CPA,40,0.1,0.5906800431622172
lmh,CPA,41,0.1025,0.5905012273678112
lmh,CPA,42,0.105,0.5903201736867816
lmh,CPA,43,0.1075,0.5901536734170764
lmh,CPA,44,0.11,0.5899907126752384
lmh,CPA,45,0.1125,0.5898234372224255
lmh,CPA,46,0.115,0.5896666283226817
lmh,CPA,47,0.1175,0.589514363908449
lmh,CPA,48,0.12,0.5893656709651158
lmh,CPA,49,0.1225,0.5892155267397395
lmh,CPA,50,0.125,0.5890746927401543
lmh,CPA,51,0.1275,0.5889368200706653
lmh,CPA,52,0.13,0.5888006307689854
lmh,CPA,53,0.1325,0.5886683236892299
lmh,CPA,54,0.135,0.5885404509001794
lmh,CPA,55,0.1375,0.5884178055522726
lmh,CPA,56,0.14,0.5882923721451021
lmh,CPA,57,0.1425,0.5881765871248914
lmh,CPA,58,0.145,0.5880642734989311
lmh,CPA,59,0.1475,0.5879512211376317
lmh,CPA,60,0.15,0.5878476476966037
lmh,CPA,61,0.1525,0.5877464275908348
lmh,CPA,62,0.155,0.5876510541417325
lmh,CPA,63,0.1575,0.5875567945391378
lmh,CPA,64,0.16,0.5874687645334284
lmh,CPA,65,0.1625,0.5873904794273046
lmh,CPA,66,0.165,0.5873155620122869
lmh,CPA,67,0.1675,0.5872494026223437
lmh,CPA,68,0.17,0.5871896846776802
lmh,CPA,69,0.1725,0.5871373482926737
lmh,CPA,70,0.175,0.5870929723472256
lmh,CPA,71,0.1775,0.5870581915730776
lmh,CPA,72,0.18,0.5870315007479753
lmh,CPA,73,0.1825,0.5870147901304941
lmh,CPA,74,0.185,0.5870077050387649
lmh,CPA,75,0.1875,0.5870065055393476
lmh,CPA,76,0.19,0.5870111978486071
lmh,CPA,77,0.1925,0.5870204030375327
lmh,CPA,78,0.195,0.5870318094835069
lmh,CPA,79,0.1975,0.5870389494745774
lmh,CPA,80,0.2,0.5870376157530447
lmh,CPA,81,0.2025,0.5870201365459305
lmh,CPA,82,0.205,0.5869756097204364
lmh,CPA,83,0.2075,0.5868940339667499
lmh,CPA,84,0.21,0.586756841663211
lmh,CPA,85,0.2125,0.586546159972011
lmh,CPA,86,0.215,0.5862372880919156
lmh,CPA,87,0.2175,0.5858002664623801
lmh,CPA,88,0.22,0.5851989680622578
lmh,CPA,89,0.2225,0.5843879125367673
lmh,CPA,90,0.225,0.5833157255395186
lmh,CPA,91,0.2275,0.5819172983656395
lmh,CPA,92,0.23,0.5801206553278933
lmh,CPA,93,0.2325,0.5778385953981305
lmh,CPA,94,0.235,0.5749737764944564
lmh,CPA,95,0.2375,0.5714177097498626
lmh,CPA,96,0.24,0.5670515065886117
lmh,CPA,97,0.2425,0.5617507420453106
lmh,CPA,98,0.245,0.55539111637005
lmh,CPA,99,0.2475,0.5478545336752668
lmh,CPA,100,0.25,0.5390404168890236
lmh,CPA,101,0.2525,0.5288752522937744
lmh,CPA,102,0.255,0.5173246438912326
lmh,CPA,103,0.2575,0.5044022250088936
lmh,CPA,104,0.26,0.4901764059883176
lmh,CPA,105,0.2625,0.4747713491882732
lmh,CPA,106,0.265,0.45836298488948185
lmh,CPA,107,0.2675,0.44116671641535515
lmh,CPA,108,0.27,0.423195486602057
lmh,CPA,109,0.2725,2.337440461518039e-07
lmh,CPA,110,0.275,8.666565686556361e-07
lmh,CPA,111,0.2775,1.937087422858652e-06
lmh,CPA,112,0.28,3.477103574304756e-06
lmh,CPA,113,0.2825,5.521720666761556e-06
lmh,CPA,114,0.285,8.108902544134843e-06
lmh,CPA,115,0.2875,1.1285759864051234e-05
lmh,CPA,116,0.29,1.5066737749565378e-05
lmh,CPA,117,0.2925,1.9503543962330603e-05
lmh,CPA,118,0.295,2.465170119063748e-05
lmh,CPA,119,0.2975,3.052730759169349e-05
lmh,CPA,120,0.3,3.714670346572969e-05
lmh,CPA,121,0.3025,4.457935849839064e-05
lmh,CPA,122,0.305,5.281094437946741e-05
lmh,CPA,123,0.3075,6.18905198961038e-05
lmh,CPA,124,0.31,7.18266469524797e-05
lmh,CPA,125,0.3125,8.266311079546966e-05
lmh,CPA,126,0.315,9.443701728066647e-05
lmh,CPA,127,0.3175,0.00010716560168697936
lmh,CPA,128,0.32,0.00012086419322574836
lmh,CPA,129,0.3225,0.000135684836403282
lmh,CPA,130,0.325,0.00015241743477844753
lmh,CPA,131,0.3275,0.0001769124060645586
lmh,CPA,132,0.33,0.0002456931215051091
lmh,CPA,133,0.3325,0.0005638518159863502
lmh,CPA,134,0.335,0.0019477815506159651
lmh,CPA,135,0.3375,0.006044270347179936
lmh,CPA,136,0.34,0.014469230327357032
lmh,CPA,137,0.3425,0.028481816616906158
lmh,CPA,138,0.345,0.04844334114378147
lmh,CPA,139,0.3475,0.07330050778199361
lmh,CPA,140,0.35,0.10132281554547062
lmh,CPA,141,0.3525,0.1308650312621961
lmh,CPA,142,0.355,0.16067032981708101
lmh,CPA,143,0.3575,0.1898925205663136
lmh,CPA,144,0.36,0.21800881960331514
lmh,CPA,145,0.3625,0.2447363947283733
lmh,CPA,146,0.365,0.26995018349634864
lmh,CPA,147,0.3675,0.29360531841526566
lmh,CPA,148,0.37,0.31573758855273376
lmh,CPA,149,0.3725,0.33641844689295075
lmh,CPA,150,0.375,0.35573716838433356
lmh,CPA,151,0.3775,0.3738116709447458
lmh,CPA,152,0.38,0.39072478349309786
lmh,CPA,153,0.3825,0.4065702791037078
lmh,CPA,154,0.385,0.421413858981278
lmh,CPA,155,0.3875,0.4353144074490878
lmh,CPA,156,0.39,0.4483309170491246
lmh,CPA,157,0.3925,0.46051801343249454
lmh,CPA,158,0.395,0.47195482018017754
lmh,CPA,159,0.3975,0.48271620182658403
lmh,CPA,160,0.4,0.4928906947333396
lmh,CPA,161,0.4025,0.5025497322556994
lmh,CPA,162,0.405,0.5117680380080593
lmh,CPA,163,0.4075,0.5206052027532753
lmh,CPA,164,0.41,0.5291079013566873
lmh,CPA,165,0.4125,0.5373025822201104
lmh,CPA,166,0.415,0.5452094436116043
lmh,CPA,167,0.4175,0.552842161889497
lmh,CPA,168,0.42,0.560197795023312
lmh,CPA,169,0.4225,0.5672751866422
lmh,CPA,170,0.425,0.5740725882498442
lmh,CPA,171,0.4275,0.5805832241004651
lmh,CPA,172,0.43,0.5868013492223002
lmh,CPA,173,0.4325,0.5927306898619151
lmh,CPA,174,0.435,0.5983697659909335
lmh,CPA,175,0.4375,0.6037246356531712
lmh,CPA,176,0.44,0.6088092605219363
lmh,CPA,177,0.4425,0.6136354253962931
lmh,CPA,178,0.445,0.6182231230788278
lmh,CPA,179,0.4475,0.6225924574478507
lmh,CPA,180,0.45,0.6267661202930201
lmh,CPA,181,0.4525,0.6307694512321952
lmh,CPA,182,0.455,0.6346249988423251
lmh,CPA,183,0.4575,0.6383584879975608
lmh,CPA,184,0.46,0.6419908279676981
lmh,CPA,185,0.4625,0.645543030961116
lmh,CPA,186,0.465,0.6490349896639203
lmh,CPA,187,0.4675,0.652480909923352
lmh,CPA,188,0.47,0.6558959192376479
lmh,CPA,189,0.4725,0.6592910373797809
lmh,CPA,190,0.475,0.6626755703842964
lmh,CPA,191,0.4775,0.6660582610793326
lmh,CPA,192,0.48,0.6694442105723526
lmh,CPA,193,0.4825,0.6728396877890694
lmh,CPA,194,0.485,0.6762500513855609
lmh,CPA,195,0.4875,0.6796795908023743
lmh,CPA,196,0.49,0.6831271445955077
lmh,CPA,197,0.4925,0.6865522410195521
lmh,CPA,198,0.495,0.6898481598163293
lmh,CPA,199,0.4975,0.693030818606223
lmh,CPA,200,0.5,0.6960266311407263
lmh,CPA,201,0.5025,0.6983851696739133
lmh,CPA,202,0.505,0.7006198023177159
lmh,CPA,203,0.5075,0.7027839864522155
lmh,CPA,204,0.51,0.7048917673394147
lmh,CPA,205,0.5125,0.7069449422948166
lmh,CPA,206,0.515,0.7089374642297505
lmh,CPA,207,0.5175,0.710868663835558
lmh,CPA,208,0.52,0.712752452138562
lmh,CPA,209,0.5225,0.7145915806457593
lmh,CPA,210,0.525,0.7163858050398224
lmh,CPA,211,0.5275,0.7181355610164577
lmh,CPA,212,0.53,0.7198417170214427
lmh,CPA,213,0.5325,0.7215054645194804
lmh,CPA,214,0.535,0.7231282305199594
lmh,CPA,215,0.5375,0.7247115954879126
lmh,CPA,216,0.54,0.7262572184444771
lmh,CPA,217,0.5425,0.7277667611910372
lmh,CPA,218,0.545,0.72924181680491
lmh,CPA,219,0.5475,0.7306838451800014
lmh,CPA,220,0.55,0.7320941159368536
lmh,CPA,221,0.5525,0.7334736597552145
lmh,CPA,222,0.555,0.7348232287527441
lmh,CPA,223,0.5575,0.736143267442656
lmh,CPA,224,0.56,0.7374338901828146
lmh,CPA,225,0.5625,0.7386948618218088
lmh,CPA,226,0.565,0.7399255879766872
lmh,CPA,227,0.5675,0.7411251150604216
lmh,CPA,228,0.57,0.7422921458657292
lmh,CPA,229,0.5725,0.7434250705338057
lmh,CPA,230,0.575,0.7445220157574187
lmh,CPA,231,0.5775,0.7455809135486718
lmh,CPA,232,0.58,0.7465995900922883
lmh,CPA,233,0.5825,0.7475758753842175
lmh,CPA,234,0.585,0.7485077277793218
lmh,CPA,235,0.5875,0.7493933684648556
lmh,CPA,236,0.59,0.7502314200325491
lmh,CPA,237,0.5925,0.7510210413471807
lmh,CPA,238,0.595,0.7517620501251007
lmh,CPA,239,0.5975,0.7524550217500934
lmh,CPA,240,0.6,0.753101352930885
lmh,CPA,241,0.6025,0.7537033233331684
lmh,CPA,242,0.605,0.7542640856028745
lmh,CPA,243,0.6075,0.7547876198040588
lmh,CPA,244,0.61,0.755278654530431
lmh,CPA,245,0.6125,0.7557425590762
lmh,CPA,246,0.615,0.756185214101257
lmh,CPA,247,0.6175,0.7566128697242397
lmh,CPA,248,0.62,0.757031999926985
lmh,CPA,249,0.6225,0.7574491608576605
lmh,CPA,250,0.625,0.757870858525621
lmh,CPA,251,0.6275,0.7583034289908945
lmh,CPA,252,0.63,0.7587529319416386
lmh,CPA,253,0.6325,0.7592250569144049
lmh,CPA,254,0.635,0.7597250405600942
lmh,CPA,255,0.6375,0.7602575933288732
lmh,CPA,256,0.64,0.7608268345836117
lmh,CPA,257,0.6425,0.7614362362002167
lmh,CPA,258,0.645,0.7620885758524953
lmh,CPA,259,0.6475,0.7627859020965224
lmh,CPA,260,0.65,0.7635295138428346
lmh,CPA,261,0.6525,0.7643199567090112
lmh,CPA,262,0.655,0.7651570380851366
lmh,CPA,263,0.6575,0.7660398616423639
lmh,CPA,264,0.66,0.7669668806413458
lmh,CPA,265,0.6625,0.7679359679977548
lmh,CPA,266,0.665,0.7689444998397308
lmh,CPA,267,0.6675,0.7699894455685337
lmh,CPA,268,0.67,0.7710674662071875
lmh,CPA,269,0.6725,0.7721750202620977
lmh,CPA,270,0.675,0.7733084536219809
lmh,CPA,271,0.6775,0.7744640837281392
lmh,CPA,272,0.68,0.7756382750416895
lmh,CPA,273,0.6825,0.7768275033480362
lmh,CPA,274,0.685,0.7780284077645425
lmh,CPA,275,0.6875,0.7792378303633384
lmh,CPA,276,0.69,0.7804528440396936
lmh,CPA,277,0.6925,0.7816707697145236
lmh,CPA,278,0.695,0.7828891842937158
lmh,CPA,279,0.6975,0.7841059209807731
lmh,CPA,280,0.7,0.7853190634555518
lmh,CPA,281,0.7025,0.7865269353776615
lmh,CPA,282,0.705,0.7877280865324771
lmh,CPA,283,0.7075,0.7889212767589225
lmh,CPA,284,0.71,0.7901054586137498
lmh,CPA,285,0.7125,0.7912797595419389
lmh,CPA,286,0.715,0.7924434641513497
lmh,CPA,287,0.7175,0.7935959970469091
lmh,CPA,288,0.72,0.7947369065321718
lmh,CPA,289,0.7225,0.7958658493826493
lmh,CPA,290,0.725,0.7969825768195147
lmh,CPA,291,0.7275,0.7980869217305955
lmh,CPA,292,0.73,0.7991787871421099
lmh,CPA,293,0.7325,0.8002581359045702
lmh,CPA,294,0.735,0.8013249815332211
lmh,CPA,295,0.7375,0.8023793801261324
lmh,CPA,296,0.74,0.8034214232681525
lmh,CPA,297,0.7425,0.8044512318357376
lmh,CPA,298,0.745,0.8054689506255903
lmh,CPA,299,0.7475,0.8064747437098679
lmh,CPA,300,0.75,0.807468790435091
lmh,CPA,301,0.7525,0.8084512819937285
lmh,CPA,302,0.755,0.8094224185076305
lmh,CPA,303,0.7575,0.8103824065518893
lmh,CPA,304,0.76,0.8113314570653526
lmh,CPA,305,0.7625,0.8122697835961509
lmh,CPA,306,0.765,0.813197600833434
lmh,CPA,307,0.7675,0.8141151233879563
lmh,CPA,308,0.77,0.8150225647855717
lmh,CPA,309,0.7725,0.8159201366431994
lmh,CPA,310,0.775,0.8168080480008452
lmh,CPA,311,0.7775,0.8176865047876963
lmh,CPA,312,0.78,0.8185557094007337
lmh,CPA,313,0.7825,0.8194158603803264
lmh,CPA,314,0.785,0.8202671521664521
lmh,CPA,315,0.7875,0.8211097749188017
lmh,CPA,316,0.79,0.8219439143993764
lmh,CPA,317,0.7925,0.8227697518996214
lmh,CPA,318,0.795,0.823587464202712
lmh,CPA,319,0.7975,0.8243972235767512
lmh,CPA,320,0.8,0.825199197792875
lmh,CPA,321,0.8025,0.8259935501642041
lmh,CPA,322,0.805,0.8267804396008885
lmh,CPA,323,0.8075,0.8275600206779168
lmh,CPA,324,0.81,0.8283324437132795
lmh,CPA,325,0.8125,0.8290978548533527
lmh,CPA,326,0.815,0.8298563961636117
lmh,CPA,327,0.8175,0.8306082057227573
lmh,CPA,328,0.82,0.8313534177176544
lmh,CPA,329,0.8225,0.8320921625410778
lmh,CPA,330,0.825,0.8328245668901648
lmh,CPA,331,0.8275,0.8335507538631136
lmh,CPA,332,0.83,0.8342708430543496
lmh,CPA,333,0.8325,0.8349849506498677
lmh,CPA,334,0.835,0.8356931895207879
lmh,CPA,335,0.8375,0.8363956693156078
lmh,CPA,336,0.84,0.8370924965512319
lmh,CPA,337,0.8425,0.8377837747030588
lmh,CPA,338,0.845,0.838469604294087
lmh,CPA,339,0.8475,0.8391500829828282
lmh,CPA,340,0.85,0.8398253056499466
lmh,CPA,341,0.8525,0.8404953644835605
lmh,CPA,342,0.855,0.8411603490631867
lmh,CPA,343,0.8575,0.8418203464417591
lmh,CPA,344,0.86,0.842475441225831
lmh,CPA,345,0.8625,0.8431257156537315
lmh,CPA,346,0.865,0.8437712496716433
lmh,CPA,347,0.8675,0.8444121210073139
lmh,CPA,348,0.87,0.8450484052414318
lmh,CPA,349,0.8725,0.8456801758764578
lmh,CPA,350,0.875,0.8463075044031826
lmh,CPA,351,0.8775,0.8469304603647752
lmh,CPA,352,0.88,0.8475491114187684
lmh,CPA,353,0.8825,0.8481635233963201
lmh,CPA,354,0.885,0.8487737603597806
lmh,CPA,355,0.8875,0.8493798846578464
lmh,CPA,356,0.89,0.849981956978723
lmh,CPA,357,0.8925,0.8505800364014027
lmh,CPA,358,0.895,0.8511741804453159
lmh,CPA,359,0.8975,0.8517644451183316
lmh,CPA,360,0.9,0.8523508849629051
lmh,CPA,361,0.9025,0.8529335531009472
lmh,CPA,362,0.905,0.8535125012771162
lmh,CPA,363,0.9075,0.8540877799005361
lmh,CPA,364,0.91,0.8546594380855613
lmh,CPA,365,0.9125,0.8552275236911828
lmh,CPA,366,0.915,0.8557920833590322
lmh,CPA,367,0.9175,0.8563531625505094
lmh,CPA,368,0.92,0.856910805582497
lmh,CPA,369,0.9225,0.8574650556621177
lmh,CPA,370,0.925,0.8580159549206083
lmh,CPA,371,0.9275,0.8585635444460407
lmh,CPA,372,0.93,0.8591078643151644
lmh,CPA,373,0.9325,0.8596489536241372
lmh,CPA,374,0.935,0.860186850518429
lmh,CPA,375,0.9375,0.8607215922219428
lmh,CPA,376,0.94,0.8612532150650748
lmh,CPA,377,0.9425,0.8617817545122602
lmh,CPA,378,0.945,0.8623072451886247
lmh,CPA,379,0.9475,0.8628297209059146
lmh,CPA,380,0.95,0.8633492146869493
lmh,CPA,381,0.9525,0.863865758790351
lmh,CPA,382,0.955,0.8643793847338395
lmh,CPA,383,0.9575,0.8648901233166355
lmh,CPA,384,0.96,0.8653980046416828
lmh,CPA,385,0.9625,0.8659030581369047
lmh,CPA,386,0.965,0.8664053125757843
lmh,CPA,387,0.9675,0.8669047960972119
lmh,CPA,388,0.97,0.8674015362247571
lmh,CPA,389,0.9725,0.8678955598850986
lmh,CPA,390,0.975,0.8683868934261634
lmh,CPA,391,0.9775,0.8688755626348218
lmh,CPA,392,0.98,0.8693615927540039
lmh,CPA,393,0.9825,0.8698450084992083
lmh,CPA,394,0.985,0.8703258340743741
lmh,CPA,395,0.9875,0.870804093187627
lmh,CPA,396,0.99,0.871279809065761
lmh,CPA,397,0.9925,0.8717530044690682
lmh,CPA,398,0.995,0.8722237017055344
lmh,CPA,399,0.9975,0.872691922644409
lmh,CPA,400,1.0,0.8731576887289719
