pressure_psi,phase_bits,So,Sg,Sw,beta_o,beta_g,beta_w
3000,6,0,0.7000000000000000,0.3000000000000001,0,0.3175775145846739,0.6824224854153261
2500,6,0,0.7291984840420920,0.2708015159579081,0,0.3179030572994197,0.6820969427005803
2200,6,0,0.7513199395713738,0.2486800604286262,0,0.3181550327813860,0.6818449672186140
2000,6,0,0.7684241349846843,0.2315758650153157,0,0.3183589763315006,0.6816410236684994
1800,7,0.001035731298407533,0.7866298422056072,0.2123344264959852,0.0006105027778329220,0.3179921924622441,0.6813973047599229
1600,7,0.007268074765700186,0.8020827146982005,0.1906492105360994,0.004706324108295412,0.3141903849279092,0.6811032909637954
1500,7,0.009329976153499897,0.8114624792745594,0.1792075445719409,0.006369283685435323,0.3127007916320573,0.6809299246825074
1000,7,0.007697467500285219,0.8739450735680033,0.1183574589317115,0.007321057934327135,0.3131069962315893,0.6795719458340835
435,7,0.000941869645162341,0.9509307800021964,0.04812735035264113,0.001611624052291871,0.3239847485964548,0.6744036273512534
