case,step,pvi,cell,x_m,water_saturation,oil_saturation,gas_saturation
binary,0,0.0,0,0.01,0.017313502231844267,0.9826864977681558,0.0
binary,0,0.0,1,0.029999999999999995,0.017313502231844267,0.9826864977681558,0.0
binary,0,0.0,2,0.05,0.017313502231844267,0.9826864977681558,0.0
binary,0,0.0,3,0.07,0.017313502231844267,0.9826864977681558,0.0
binary,0,0.0,4,0.09,0.017313502231844267,0.9826864977681558,0.0
binary,0,0.0,5,0.11,0.017313502231844267,0.9826864977681558,0.0
binary,0,0.0,6,0.13,0.017313502231844267,0.9826864977681558,0.0
binary,0,0.0,7,0.15,0.017313502231844267,0.9826864977681558,0.0
binary,0,0.0,8,0.16999999999999998,0.017313502231844267,0.9826864977681558,0.0
binary,0,0.0,9,0.19,0.017313502231844267,0.9826864977681558,0.0
binary,0,0.0,10,0.21,0.017313502231844267,0.9826864977681558,0.0
binary,0,0.0,11,0.22999999999999998,0.017313502231844267,0.9826864977681558,0.0
binary,0,0.0,12,0.25,0.017313502231844267,0.9826864977681558,0.0
binary,0,0.0,13,0.26999999999999996,0.017313502231844267,0.9826864977681558,0.0
binary,0,0.0,14,0.29,0.017313502231844267,0.9826864977681558,0.0
binary,0,0.0,15,0.30999999999999994,0.017313502231844267,0.9826864977681558,0.0
binary,0,0.0,16,0.33,0.017313502231844267,0.9826864977681558,0.0
binary,0,0.0,17,0.35,0.017313502231844267,0.9826864977681558,0.0
binary,0,0.0,18,0.37,0.017313502231844267,0.9826864977681558,0.0
binary,0,0.0,19,0.38999999999999996,0.017313502231844267,0.9826864977681558,0.0
binary,0,0.0,20,0.41,0.017313502231844267,0.9826864977681558,0.0
binary,0,0.0,21,0.43,0.017313502231844267,0.9826864977681558,0.0
binary,0,0.0,22,0.45,0.017313502231844267,0.9826864977681558,0.0
binary,0,0.0,23,0.47,0.017313502231844267,0.9826864977681558,0.0
binary,0,0.0,24,0.49,0.017313502231844267,0.9826864977681558,0.0
binary,0,0.0,25,0.51,0.017313502231844267,0.9826864977681558,0.0
binary,0,0.0,26,0.5299999999999999,0.017313502231844267,0.9826864977681558,0.0
binary,0,0.0,27,0.55,0.017313502231844267,0.9826864977681558,0.0
binary,0,0.0,28,0.57,0.017313502231844267,0.9826864977681558,0.0
binary,0,0.0,29,0.59,0.017313502231844267,0.9826864977681558,0.0
binary,0,0.0,30,0.61,0.017313502231844267,0.9826864977681558,0.0
binary,0,0.0,31,0.63,0.017313502231844267,0.9826864977681558,0.0
binary,0,0.0,32,0.65,0.017313502231844267,0.9826864977681558,0.0
binary,0,0.0,33,0.6699999999999999,0.017313502231844267,0.9826864977681558,0.0
binary,0,0.0,34,0.69,0.017313502231844267,0.9826864977681558,0.0
binary,0,0.0,35,0.7100000000000001,0.017313502231844267,0.9826864977681558,0.0
binary,0,0.0,36,0.73,0.017313502231844267,0.9826864977681558,0.0
binary,0,0.0,37,0.75,0.017313502231844267,0.9826864977681558,0.0
binary,0,0.0,38,0.7699999999999999,0.017313502231844267,0.9826864977681558,0.0
binary,0,0.0,39,0.7899999999999999,0.017313502231844267,0.9826864977681558,0.0
binary,0,0.0,40,0.81,0.017313502231844267,0.9826864977681558,0.0
binary,0,0.0,41,0.83,0.017313502231844267,0.9826864977681558,0.0
binary,0,0.0,42,0.85,0.017313502231844267,0.9826864977681558,0.0
binary,0,0.0,43,0.8699999999999999,0.017313502231844267,0.9826864977681558,0.0
binary,0,0.0,44,0.89,0.017313502231844267,0.9826864977681558,0.0
binary,0,0.0,45,0.91,0.017313502231844267,0.9826864977681558,0.0
binary,0,0.0,46,0.9299999999999999,0.017313502231844267,0.9826864977681558,0.0
binary,0,0.0,47,0.95,0.017313502231844267,0.9826864977681558,0.0
binary,0,0.0,48,0.97,0.017313502231844267,0.9826864977681558,0.0
binary,0,0.0,49,0.99,0.017313502231844267,0.9826864977681558,0.0
binary,0,0.0,50,1.01,0.017313502231844267,0.9826864977681558,0.0
binary,0,0.0,51,1.03,0.017313502231844267,0.9826864977681558,0.0
binary,0,0.0,52,1.05,0.017313502231844267,0.9826864977681558,0.0
binary,0,0.0,53,1.07,0.017313502231844267,0.9826864977681558,0.0
binary,0,0.0,54,1.0899999999999999,0.017313502231844267,0.9826864977681558,0.0
binary,0,0.0,55,1.1099999999999999,0.017313502231844267,0.9826864977681558,0.0
binary,0,0.0,56,1.13,0.017313502231844267,0.9826864977681558,0.0
binary,0,0.0,57,1.15,0.017313502231844267,0.9826864977681558,0.0
binary,0,0.0,58,1.1700000000000002,0.017313502231844267,0.9826864977681558,0.0
binary,0,0.0,59,1.19,0.017313502231844267,0.9826864977681558,0.0
binary,10,0.25,0,0.01,0.7291466242503699,0.2708533757496301,0.0
binary,10,0.25,1,0.029999999999999995,0.6480329173938627,0.3519670826061373,0.0
binary,10,0.25,2,0.05,0.595522407604612,0.404477592395388,0.0
binary,10,0.25,3,0.07,0.556724613194366,0.44327538680563405,0.0
binary,10,0.25,4,0.09,0.5260271061920095,0.47397289380799057,0.0
binary,10,0.25,5,0.11,0.5006665427007633,0.4993334572992368,0.0
binary,10,0.25,6,0.13,0.47907456236037177,0.5209254376396282,0.0
binary,10,0.25,7,0.15,0.46027570350166436,0.5397242964983356,0.0
binary,10,0.25,8,0.16999999999999998,0.4436225587087359,0.5563774412912641,0.0
binary,10,0.25,9,0.19,0.42866389917572134,0.5713361008242788,0.0
binary,10,0.25,10,0.21,0.41507289583075463,0.5849271041692454,0.0
binary,10,0.25,11,0.22999999999999998,0.40260531570133057,0.5973946842986695,0.0
binary,10,0.25,12,0.25,0.3910738380957875,0.6089261619042126,0.0
binary,10,0.25,13,0.26999999999999996,0.38033157257711436,0.6196684274228856,0.0
binary,10,0.25,14,0.29,0.370261090986714,0.6297389090132861,0.0
binary,10,0.25,15,0.30999999999999994,0.3607668993343939,0.6392331006656061,0.0
binary,10,0.25,16,0.33,0.3517701295952265,0.6482298704047735,0.0
binary,10,0.25,17,0.35,0.3432047065097048,0.6567952934902953,0.0
binary,10,0.25,18,0.37,0.33501451985108804,0.664985480148912,0.0
binary,10,0.25,19,0.38999999999999996,0.32715129756323824,0.6728487024367616,0.0
binary,10,0.25,20,0.41,0.3195729764562559,0.6804270235437441,0.0
binary,10,0.25,21,0.43,0.3122424310257672,0.6877575689742328,0.0
binary,10,0.25,22,0.45,0.3051264629453765,0.6948735370546235,0.0
binary,10,0.25,23,0.47,0.29819498256109056,0.7018050174389094,0.0
binary,10,0.25,24,0.49,0.29142033328712164,0.7085796667128783,0.0
binary,10,0.25,25,0.51,0.28477672203748106,0.7152232779625189,0.0
binary,10,0.25,26,0.5299999999999999,0.2782397264292941,0.7217602735707058,0.0
binary,10,0.25,27,0.55,0.2717858561123282,0.7282141438876719,0.0
binary,10,0.25,28,0.57,0.2653921524568527,0.7346078475431472,0.0
binary,10,0.25,29,0.59,0.25903581501559864,0.7409641849844014,0.0
binary,10,0.25,30,0.61,0.25269384214288015,0.7473061578571198,0.0
binary,10,0.25,31,0.63,0.24634267200436885,0.7536573279956311,0.0
binary,10,0.25,32,0.65,0.23995781669317112,0.7600421833068288,0.0
binary,10,0.25,33,0.6699999999999999,0.23351349178554726,0.7664865082144529,0.0
binary,10,0.25,34,0.69,0.2269822405969899,0.7730177594030102,0.0
binary,10,0.25,35,0.7100000000000001,0.22033453886859347,0.7796654611314066,0.0
binary,10,0.25,36,0.73,0.2135383760407192,0.7864616239592808,0.0
binary,10,0.25,37,0.75,0.20655885295379617,0.7934411470462038,0.0
binary,10,0.25,38,0.7699999999999999,0.19935785168709624,0.8006421483129038,0.0
binary,10,0.25,39,0.7899999999999999,0.19189378125022913,0.808106218749771,0.0
binary,10,0.25,40,0.81,0.18412141033557888,0.8158785896644212,0.0
binary,10,0.25,41,0.83,0.1759919988181046,0.8240080011818954,0.0
binary,10,0.25,42,0.85,0.16745410764313065,0.8325458923568694,0.0
binary,10,0.25,43,0.8699999999999999,0.1584552690750754,0.8415447309249247,0.0
binary,10,0.25,44,0.89,0.14894456449978305,0.851055435500217,0.0
binary,10,0.25,45,0.91,0.13887701826304671,0.8611229817369533,0.0
binary,10,0.25,46,0.9299999999999999,0.12822170494870602,0.871778295051294,0.0
binary,10,0.25,47,0.95,0.11697428631983564,0.8830257136801644,0.0
binary,10,0.25,48,0.97,0.105172627046823,0.894827372953177,0.0
binary,10,0.25,49,0.99,0.09291668252995364,0.9070833174700463,0.0
binary,10,0.25,50,1.01,0.08039719028334592,0.9196028097166541,0.0
binary,10,0.25,51,1.03,0.06792659348945898,0.932073406510541,0.0
binary,10,0.25,52,1.05,0.055946486600000456,0.9440535133999995,0.0
binary,10,0.25,53,1.07,0.04499499103755485,0.9550050089624451,0.0
binary,10,0.25,54,1.0899999999999999,0.03564227806651103,0.964357721933489,0.0
binary,10,0.25,55,1.1099999999999999,0.02837007679125364,0.9716299232087464,0.0
binary,10,0.25,56,1.13,0.023362921302831244,0.9766370786971688,0.0
binary,10,0.25,57,1.15,0.020352230988219297,0.9796477690117806,0.0
binary,10,0.25,58,1.1700000000000002,0.0187497060779444,0.9812502939220556,0.0
binary,10,0.25,59,1.19,0.017967866702544247,0.9820321332974559,0.0
binary,20,0.5,0,0.01,0.8133440683577109,0.18665593164228905,0.0
binary,20,0.5,1,0.029999999999999995,0.7456390042544687,0.2543609957455314,0.0
binary,20,0.5,2,0.05,0.6988175497266909,0.3011824502733092,0.0
binary,20,0.5,3,0.07,0.6628750507536374,0.3371249492463626,0.0
binary,20,0.5,4,0.09,0.6337376220107642,0.36626237798923583,0.0
binary,20,0.5,5,0.11,0.6092771800887421,0.390722819911258,0.0
binary,20,0.5,6,0.13,0.5882293815729261,0.41177061842707374,0.0
binary,20,0.5,7,0.15,0.5697789942836095,0.43022100571639055,0.0
binary,20,0.5,8,0.16999999999999998,0.5533691121508244,0.4466308878491756,0.0
binary,20,0.5,9,0.19,0.5386024123500227,0.4613975876499773,0.0
binary,20,0.5,10,0.21,0.5251856009052959,0.4748143990947042,0.0
binary,20,0.5,11,0.22999999999999998,0.5128961237746518,0.4871038762253481,0.0
binary,20,0.5,12,0.25,0.5015612049065533,0.49843879509344663,0.0
binary,20,0.5,13,0.26999999999999996,0.4910441039445958,0.5089558960554043,0.0
binary,20,0.5,14,0.29,0.48123480034616434,0.5187651996538356,0.0
binary,20,0.5,15,0.30999999999999994,0.4720434967367086,0.5279565032632916,0.0
binary,20,0.5,16,0.33,0.4633959767801071,0.5366040232198929,0.0
binary,20,0.5,17,0.35,0.45523021730323,0.54476978269677,0.0
binary,20,0.5,18,0.37,0.4474938694456782,0.5525061305543217,0.0
binary,20,0.5,19,0.38999999999999996,0.4401423548489016,0.5598576451510985,0.0
binary,20,0.5,20,0.41,0.43313740540448203,0.566862594595518,0.0
binary,20,0.5,21,0.43,0.42644592831927225,0.5735540716807277,0.0
binary,20,0.5,22,0.45,0.42003911341095446,0.5799608865890455,0.0
binary,20,0.5,23,0.47,0.4138917232512255,0.5861082767487745,0.0
binary,20,0.5,24,0.49,0.4079815230559465,0.5920184769440535,0.0
binary,20,0.5,25,0.51,0.4022888185984908,0.5977111814015093,0.0
binary,20,0.5,26,0.5299999999999999,0.3967960784938717,0.6032039215061283,0.0
binary,20,0.5,27,0.55,0.3914876230110597,0.6085123769889403,0.0
binary,20,0.5,28,0.57,0.3863493658049333,0.6136506341950666,0.0
binary,20,0.5,29,0.59,0.38136859808447293,0.6186314019155271,0.0
binary,20,0.5,30,0.61,0.37653380706393136,0.6234661929360686,0.0
binary,20,0.5,31,0.63,0.37183452230064273,0.6281654776993572,0.0
binary,20,0.5,32,0.65,0.3672611848593489,0.6327388151406512,0.0
binary,20,0.5,33,0.6699999999999999,0.36280503526864694,0.6371949647313531,0.0
binary,20,0.5,34,0.69,0.35845801702869656,0.6415419829713034,0.0
binary,20,0.5,35,0.7100000000000001,0.3542126930483279,0.6457873069516721,0.0
binary,20,0.5,36,0.73,0.3500621728752889,0.6499378271247112,0.0
binary,20,0.5,37,0.75,0.3460000489672956,0.6539999510327046,0.0
binary,20,0.5,38,0.7699999999999999,0.3420203405563663,0.6579796594436336,0.0
binary,20,0.5,39,0.7899999999999999,0.33811744390238063,0.6618825560976194,0.0
binary,20,0.5,40,0.81,0.33428608792708997,0.66571391207291,0.0
binary,20,0.5,41,0.83,0.330521294376964,0.669478705623036,0.0
binary,20,0.5,42,0.85,0.32681834178908653,0.6731816582109135,0.0
binary,20,0.5,43,0.8699999999999999,0.3231727326371842,0.6768272673628157,0.0
binary,20,0.5,44,0.89,0.31958016311590826,0.6804198368840917,0.0
binary,20,0.5,45,0.91,0.3160364950876454,0.6839635049123546,0.0
binary,20,0.5,46,0.9299999999999999,0.3125377297677544,0.6874622702322456,0.0
binary,20,0.5,47,0.95,0.3090799827639489,0.6909200172360512,0.0
binary,20,0.5,48,0.97,0.30565946011659595,0.694340539883404,0.0
binary,20,0.5,49,0.99,0.3022724350075721,0.6977275649924279,0.0
binary,20,0.5,50,1.01,0.29891522481936933,0.7010847751806307,0.0
binary,20,0.5,51,1.03,0.2955841682313163,0.7044158317686837,0.0
binary,20,0.5,52,1.05,0.292275602039672,0.7077243979603279,0.0
binary,20,0.5,53,1.07,0.2889858373809574,0.7110141626190426,0.0
binary,20,0.5,54,1.0899999999999999,0.28571113502180895,0.7142888649781911,0.0
binary,20,0.5,55,1.1099999999999999,0.28244767935521276,0.7175523206447872,0.0
binary,20,0.5,56,1.13,0.27919155071353224,0.7208084492864677,0.0
binary,20,0.5,57,1.15,0.27593869557258166,0.7240613044274183,0.0
binary,20,0.5,58,1.1700000000000002,0.2726848941688653,0.7273151058311348,0.0
binary,20,0.5,59,1.19,0.26942572499066236,0.7305742750093378,0.0
binary,30,0.75,0,0.01,0.8535878656633145,0.14641213433668548,0.0
binary,30,0.75,1,0.029999999999999995,0.7950577653864642,0.2049422346135359,0.0
binary,30,0.75,2,0.05,0.7529102981608385,0.24708970183916157,0.0
binary,30,0.75,3,0.07,0.7197046753228528,0.28029532467714724,0.0
binary,30,0.75,4,0.09,0.6922925442199529,0.307707455780047,0.0
binary,30,0.75,5,0.11,0.6689716783136905,0.3310283216863096,0.0
binary,30,0.75,6,0.13,0.6487010708506623,0.3512989291493377,0.0
binary,30,0.75,7,0.15,0.6307931192479184,0.36920688075208163,0.0
binary,30,0.75,8,0.16999999999999998,0.6147685146092992,0.38523148539070085,0.0
binary,30,0.75,9,0.19,0.6002793949773796,0.39972060502262047,0.0
binary,30,0.75,10,0.21,0.587065194754437,0.41293480524556303,0.0
binary,30,0.75,11,0.22999999999999998,0.57492568548999,0.4250743145100101,0.0
binary,30,0.75,12,0.25,0.5637037104551074,0.43629628954489275,0.0
binary,30,0.75,13,0.26999999999999996,0.5532736930665155,0.4467263069334845,0.0
binary,30,0.75,14,0.29,0.5435337401703337,0.45646625982966627,0.0
binary,30,0.75,15,0.30999999999999994,0.5344000672803495,0.46559993271965056,0.0
binary,30,0.75,16,0.33,0.5258029708918843,0.4741970291081157,0.0
binary,30,0.75,17,0.35,0.5176838594311499,0.48231614056885014,0.0
binary,30,0.75,18,0.37,0.5099930255953476,0.49000697440465235,0.0
binary,30,0.75,19,0.38999999999999996,0.5026879485918896,0.49731205140811047,0.0
binary,30,0.75,20,0.41,0.49573198201795815,0.5042680179820418,0.0
binary,30,0.75,21,0.43,0.4890933269606612,0.5109066730393387,0.0
binary,30,0.75,22,0.45,0.4827442191320022,0.5172557808679978,0.0
binary,30,0.75,23,0.47,0.4766602787441875,0.5233397212558124,0.0
binary,30,0.75,24,0.49,0.4708199856115389,0.5291800143884611,0.0
binary,30,0.75,25,0.51,0.4652042516713992,0.5347957483286008,0.0
binary,30,0.75,26,0.5299999999999999,0.4597960700550412,0.5402039299449588,0.0
binary,30,0.75,27,0.55,0.45458022486846594,0.5454197751315342,0.0
binary,30,0.75,28,0.57,0.44954304953362184,0.5504569504663782,0.0
binary,30,0.75,29,0.59,0.4446722242808879,0.5553277757191121,0.0
binary,30,0.75,30,0.61,0.4399566054400887,0.5600433945599115,0.0
binary,30,0.75,31,0.63,0.4353860807362209,0.564613919263779,0.0
binary,30,0.75,32,0.65,0.43095144598864454,0.5690485540113556,0.0
binary,30,0.75,33,0.6699999999999999,0.42664429953281363,0.5733557004671865,0.0
binary,30,0.75,34,0.69,0.42245695139979117,0.5775430486002089,0.0
binary,30,0.75,35,0.7100000000000001,0.41838234484998,0.58161765515002,0.0
binary,30,0.75,36,0.73,0.4144139883008937,0.5855860116991063,0.0
binary,30,0.75,37,0.75,0.41054589604093455,0.5894541039590654,0.0
binary,30,0.75,38,0.7699999999999999,0.40677253640313515,0.5932274635968647,0.0
binary,30,0.75,39,0.7899999999999999,0.4030887862995521,0.596911213700448,0.0
binary,30,0.75,40,0.81,0.39948989120057476,0.6005101087994253,0.0
binary,30,0.75,41,0.83,0.39597142979287714,0.604028570207123,0.0
binary,30,0.75,42,0.85,0.39252928267179166,0.6074707173282083,0.0
binary,30,0.75,43,0.8699999999999999,0.38915960452438775,0.6108403954756124,0.0
binary,30,0.75,44,0.89,0.38585879934240597,0.614141200657594,0.0
binary,30,0.75,45,0.91,0.3826234982729092,0.6173765017270908,0.0
binary,30,0.75,46,0.9299999999999999,0.3794505397718142,0.6205494602281858,0.0
binary,30,0.75,47,0.95,0.3763369517732681,0.6236630482267319,0.0
binary,30,0.75,48,0.97,0.37327993562798606,0.626720064372014,0.0
binary,30,0.75,49,0.99,0.37027685159753776,0.6297231484024624,0.0
binary,30,0.75,50,1.01,0.36732520572002686,0.6326747942799733,0.0
binary,30,0.75,51,1.03,0.3644226378869006,0.6355773621130993,0.0
binary,30,0.75,52,1.05,0.36156691099120875,0.6384330890087914,0.0
binary,30,0.75,53,1.07,0.35875590102506427,0.6412440989749357,0.0
binary,30,0.75,54,1.0899999999999999,0.3559875880191724,0.6440124119808276,0.0
binary,30,0.75,55,1.1099999999999999,0.35326004773001707,0.6467399522699829,0.0
binary,30,0.75,56,1.13,0.3505714439913639,0.6494285560086361,0.0
binary,30,0.75,57,1.15,0.3479200216561563,0.6520799783438437,0.0
binary,30,0.75,58,1.1700000000000002,0.34530410006301876,0.6546958999369813,0.0
binary,30,0.75,59,1.19,0.34272206696857177,0.6572779330314282,0.0
binary,40,1.0,0,0.01,0.8781931867122331,0.12180681328776687,0.0
binary,40,1.0,1,0.029999999999999995,0.8263796511977527,0.17362034880224736,0.0
binary,40,1.0,2,0.05,0.7879903011817562,0.21200969881824389,0.0
binary,40,1.0,3,0.07,0.7571573552513028,0.24284264474869718,0.0
binary,40,1.0,4,0.09,0.7313438978686432,0.2686561021313568,0.0
binary,40,1.0,5,0.11,0.7091467715649875,0.2908532284350126,0.0
binary,40,1.0,6,0.13,0.6896901002847347,0.31030989971526524,0.0
binary,40,1.0,7,0.15,0.6723849498447145,0.32761505015528547,0.0
binary,40,1.0,8,0.16999999999999998,0.656814424055033,0.34318557594496707,0.0
binary,40,1.0,9,0.19,0.6426719009690977,0.3573280990309024,0.0
binary,40,1.0,10,0.21,0.6297250283113281,0.3702749716886719,0.0
binary,40,1.0,11,0.22999999999999998,0.617793435811987,0.38220656418801296,0.0
binary,40,1.0,12,0.25,0.6067342800923831,0.3932657199076169,0.0
binary,40,1.0,13,0.26999999999999996,0.5964325114577264,0.40356748854227364,0.0
binary,40,1.0,14,0.29,0.5867941142497705,0.4132058857502296,0.0
binary,40,1.0,15,0.30999999999999994,0.5777412883779702,0.42225871162202966,0.0
binary,40,1.0,16,0.33,0.5692089370678097,0.4307910629321903,0.0
binary,40,1.0,17,0.35,0.5611420566616034,0.43885794333839656,0.0
binary,40,1.0,18,0.37,0.5534937635430939,0.446506236456906,0.0
binary,40,1.0,19,0.38999999999999996,0.5462237800420428,0.45377621995795736,0.0
binary,40,1.0,20,0.41,0.5392972568211065,0.46070274317889354,0.0
binary,40,1.0,21,0.43,0.5326838458255204,0.4673161541744795,0.0
binary,40,1.0,22,0.45,0.5263569624557535,0.4736430375442465,0.0
binary,40,1.0,23,0.47,0.5202931924684289,0.47970680753157113,0.0
binary,40,1.0,24,0.49,0.5144718108614909,0.48552818913850926,0.0
binary,40,1.0,25,0.51,0.5088743883289379,0.49112561167106217,0.0
binary,40,1.0,26,0.5299999999999999,0.5034844668614237,0.4965155331385763,0.0
binary,40,1.0,27,0.55,0.498287290435907,0.501712709564093,0.0
binary,40,1.0,28,0.57,0.49326957995994725,0.5067304200400529,0.0
binary,40,1.0,29,0.59,0.48841934404113685,0.5115806559588633,0.0
binary,40,1.0,30,0.61,0.4837257189657204,0.5162742810342795,0.0
binary,40,1.0,31,0.63,0.4791788326516633,0.5208211673483367,0.0
binary,40,1.0,32,0.65,0.4747696884026141,0.5252303115973859,0.0
binary,40,1.0,33,0.6699999999999999,0.4704900651117129,0.5295099348882871,0.0
binary,40,1.0,34,0.69,0.4663324312066174,0.5336675687933826,0.0
binary,40,1.0,35,0.7100000000000001,0.46228987013257017,0.5377101298674298,0.0
binary,40,1.0,36,0.73,0.45835601557107764,0.5416439844289224,0.0
binary,40,1.0,37,0.75,0.45452499491113973,0.5454750050888604,0.0
binary,40,1.0,38,0.7699999999999999,0.4507913797465842,0.5492086202534159,0.0
binary,40,1.0,39,0.7899999999999999,0.44715014238002065,0.5528498576199794,0.0
binary,40,1.0,40,0.81,0.4435966174820867,0.5564033825179132,0.0
binary,40,1.0,41,0.83,0.44012646819180584,0.5598735318081943,0.0
binary,40,1.0,42,0.85,0.4367356560564386,0.5632643439435615,0.0
binary,40,1.0,43,0.8699999999999999,0.433420414301914,0.566579585698086,0.0
binary,40,1.0,44,0.89,0.43017722400171576,0.5698227759982842,0.0
binary,40,1.0,45,0.91,0.4270027927759349,0.5729972072240651,0.0
binary,40,1.0,46,0.9299999999999999,0.4238940357055058,0.5761059642944942,0.0
binary,40,1.0,47,0.95,0.42084805819124893,0.5791519418087512,0.0
binary,40,1.0,48,0.97,0.41786214052505477,0.5821378594749453,0.0
binary,40,1.0,49,0.99,0.41493372397212513,0.5850662760278749,0.0
binary,40,1.0,50,1.01,0.41206039819024776,0.5879396018097524,0.0
binary,40,1.0,51,1.03,0.4092398898347382,0.5907601101652619,0.0
binary,40,1.0,52,1.05,0.4064700522174272,0.5935299477825728,0.0
binary,40,1.0,53,1.07,0.40374885590449927,0.5962511440955007,0.0
binary,40,1.0,54,1.0899999999999999,0.4010743801524981,0.5989256198475019,0.0
binary,40,1.0,55,1.1099999999999999,0.39844480509400293,0.6015551949059971,0.0
binary,40,1.0,56,1.13,0.3958584045951663,0.6041415954048337,0.0
binary,40,1.0,57,1.15,0.39331353971646194,0.6066864602835381,0.0
binary,40,1.0,58,1.1700000000000002,0.390808652715967,0.609191347284033,0.0
binary,40,1.0,59,1.19,0.38834226154143114,0.6116577384585689,0.0
lmh,0,0.0,0,0.01,0.008693441584334466,0.9913065584156656,0.0
lmh,0,0.0,1,0.029999999999999995,0.008693441584334466,0.9913065584156656,0.0
lmh,0,0.0,2,0.05,0.008693441584334466,0.9913065584156656,0.0
lmh,0,0.0,3,0.07,0.008693441584334466,0.9913065584156656,0.0
lmh,0,0.0,4,0.09,0.008693441584334466,0.9913065584156656,0.0
lmh,0,0.0,5,0.11,0.008693441584334466,0.9913065584156656,0.0
lmh,0,0.0,6,0.13,0.008693441584334466,0.9913065584156656,0.0
lmh,0,0.0,7,0.15,0.008693441584334466,0.9913065584156656,0.0
lmh,0,0.0,8,0.16999999999999998,0.008693441584334466,0.9913065584156656,0.0
lmh,0,0.0,9,0.19,0.008693441584334466,0.9913065584156656,0.0
lmh,0,0.0,10,0.21,0.008693441584334466,0.9913065584156656,0.0
lmh,0,0.0,11,0.22999999999999998,0.008693441584334466,0.9913065584156656,0.0
lmh,0,0.0,12,0.25,0.008693441584334466,0.9913065584156656,0.0
lmh,0,0.0,13,0.26999999999999996,0.008693441584334466,0.9913065584156656,0.0
lmh,0,0.0,14,0.29,0.008693441584334466,0.9913065584156656,0.0
lmh,0,0.0,15,0.30999999999999994,0.008693441584334466,0.9913065584156656,0.0
lmh,0,0.0,16,0.33,0.008693441584334466,0.9913065584156656,0.0
lmh,0,0.0,17,0.35,0.008693441584334466,0.9913065584156656,0.0
lmh,0,0.0,18,0.37,0.008693441584334466,0.9913065584156656,0.0
lmh,0,0.0,19,0.38999999999999996,0.008693441584334466,0.9913065584156656,0.0
lmh,0,0.0,20,0.41,0.008693441584334466,0.9913065584156656,0.0
lmh,0,0.0,21,0.43,0.008693441584334466,0.9913065584156656,0.0
lmh,0,0.0,22,0.45,0.008693441584334466,0.9913065584156656,0.0
lmh,0,0.0,23,0.47,0.008693441584334466,0.9913065584156656,0.0
lmh,0,0.0,24,0.49,0.008693441584334466,0.9913065584156656,0.0
lmh,0,0.0,25,0.51,0.008693441584334466,0.9913065584156656,0.0
lmh,0,0.0,26,0.5299999999999999,0.008693441584334466,0.9913065584156656,0.0
lmh,0,0.0,27,0.55,0.008693441584334466,0.9913065584156656,0.0
lmh,0,0.0,28,0.57,0.008693441584334466,0.9913065584156656,0.0
lmh,0,0.0,29,0.59,0.008693441584334466,0.9913065584156656,0.0
lmh,0,0.0,30,0.61,0.008693441584334466,0.9913065584156656,0.0
lmh,0,0.0,31,0.63,0.008693441584334466,0.9913065584156656,0.0
lmh,0,0.0,32,0.65,0.008693441584334466,0.9913065584156656,0.0
lmh,0,0.0,33,0.6699999999999999,0.008693441584334466,0.9913065584156656,0.0
lmh,0,0.0,34,0.69,0.008693441584334466,0.9913065584156656,0.0
lmh,0,0.0,35,0.7100000000000001,0.008693441584334466,0.9913065584156656,0.0
lmh,0,0.0,36,0.73,0.008693441584334466,0.9913065584156656,0.0
lmh,0,0.0,37,0.75,0.008693441584334466,0.9913065584156656,0.0
lmh,0,0.0,38,0.7699999999999999,0.008693441584334466,0.9913065584156656,0.0
lmh,0,0.0,39,0.7899999999999999,0.008693441584334466,0.9913065584156656,0.0
lmh,0,0.0,40,0.81,0.008693441584334466,0.9913065584156656,0.0
lmh,0,0.0,41,0.83,0.008693441584334466,0.9913065584156656,0.0
lmh,0,0.0,42,0.85,0.008693441584334466,0.9913065584156656,0.0
lmh,0,0.0,43,0.8699999999999999,0.008693441584334466,0.9913065584156656,0.0
lmh,0,0.0,44,0.89,0.008693441584334466,0.9913065584156656,0.0
lmh,0,0.0,45,0.91,0.008693441584334466,0.9913065584156656,0.0
lmh,0,0.0,46,0.9299999999999999,0.008693441584334466,0.9913065584156656,0.0
lmh,0,0.0,47,0.95,0.008693441584334466,0.9913065584156656,0.0
lmh,0,0.0,48,0.97,0.008693441584334466,0.9913065584156656,0.0
lmh,0,0.0,49,0.99,0.008693441584334466,0.9913065584156656,0.0
lmh,0,0.0,50,1.01,0.008693441584334466,0.9913065584156656,0.0
lmh,0,0.0,51,1.03,0.008693441584334466,0.9913065584156656,0.0
lmh,0,0.0,52,1.05,0.008693441584334466,0.9913065584156656,0.0
lmh,0,0.0,53,1.07,0.008693441584334466,0.9913065584156656,0.0
lmh,0,0.0,54,1.0899999999999999,0.008693441584334466,0.9913065584156656,0.0
lmh,0,0.0,55,1.1099999999999999,0.008693441584334466,0.9913065584156656,0.0
lmh,0,0.0,56,1.13,0.008693441584334466,0.9913065584156656,0.0
lmh,0,0.0,57,1.15,0.008693441584334466,0.9913065584156656,0.0
lmh,0,0.0,58,1.1700000000000002,0.008693441584334466,0.9913065584156656,0.0
lmh,0,0.0,59,1.19,0.008693441584334466,0.9913065584156656,0.0
lmh,10,0.25,0,0.01,0.8188662933862081,0.18113370661379194,0.0
lmh,10,0.25,1,0.029999999999999995,0.7597042824078172,0.2402957175921829,0.0
lmh,10,0.25,2,0.05,0.7191254321393017,0.28087456786069837,0.0
lmh,10,0.25,3,0.07,0.6888942564153904,0.3111057435846097,0.0
lmh,10,0.25,4,0.09,0.6644039876812905,0.33559601231870945,0.0
lmh,10,0.25,5,0.11,0.6429317157490708,0.35706828425092924,0.0
lmh,10,0.25,6,0.13,0.62300693867638,0.37699306132361987,0.0
lmh,10,0.25,7,0.15,0.6039521737465942,0.39604782625340584,0.0
lmh,10,0.25,8,0.16999999999999998,0.5855272701004048,0.41447272989959527,0.0
lmh,10,0.25,9,0.19,0.5676886605494146,0.4323113394505856,0.0
lmh,10,0.25,10,0.21,0.5504519171267473,0.4495480828732526,0.0
lmh,10,0.25,11,0.22999999999999998,0.5338272683791855,0.46617273162081446,0.0
lmh,10,0.25,12,0.25,0.5177975110813974,0.48220248891860257,0.0
lmh,10,0.25,13,0.26999999999999996,0.5023169325742721,0.4976830674257279,0.0
lmh,10,0.25,14,0.29,0.48731854588001766,0.5126814541199823,0.0
lmh,10,0.25,15,0.30999999999999994,0.47272204064314144,0.5272779593568586,0.0
lmh,10,0.25,16,0.33,0.4584390401913735,0.5415609598086265,0.0
lmh,10,0.25,17,0.35,0.44437544726751327,0.5556245527324868,0.0
lmh,10,0.25,18,0.37,0.43043189700045714,0.5695681029995427,0.0
lmh,10,0.25,19,0.38999999999999996,0.41650241811985284,0.5834975818801472,0.0
lmh,10,0.25,20,0.41,0.40247109776644485,0.5975289022335551,0.0
lmh,10,0.25,21,0.43,0.38820796624962695,0.6117920337503729,0.0
lmh,10,0.25,22,0.45,0.3735641499377708,0.6264358500622291,0.0
lmh,10,0.25,23,0.47,0.3583640879097886,0.6416359120902114,0.0
lmh,10,0.25,24,0.49,0.34239748030968603,0.657602519690314,0.0
lmh,10,0.25,25,0.51,0.32541196140850814,0.6745880385914919,0.0
lmh,10,0.25,26,0.5299999999999999,0.3070982153618992,0.6929017846381008,0.0
lmh,10,0.25,27,0.55,0.28708123645065575,0.7129187635493442,0.0
lmh,10,0.25,28,0.57,0.2649265847890515,0.7350734152109485,0.0
lmh,10,0.25,29,0.59,0.24013062842253627,0.7598693715774637,0.0
lmh,10,0.25,30,0.61,0.21218665908105322,0.7878133409189468,0.0
lmh,10,0.25,31,0.63,0.1807721870280563,0.8192278129719437,0.0
lmh,10,0.25,32,0.65,0.14591757469464217,0.8540824253053578,0.0
lmh,10,0.25,33,0.6699999999999999,0.10869180185636425,0.8913081981436358,0.0
lmh,10,0.25,34,0.69,0.07206575236815553,0.9279342476318445,0.0
lmh,10,0.25,35,0.7100000000000001,0.04048890094385264,0.9595110990561473,0.0
lmh,10,0.25,36,0.73,0.01951175738572427,0.9804882426142757,0.0
lmh,10,0.25,37,0.75,0.011100641318233335,0.9888993586817667,0.0
lmh,10,0.25,38,0.7699999999999999,0.00932953743561987,0.9906704625643802,0.0
lmh,10,0.25,39,0.7899999999999999,0.009081126830030537,0.9909188731699695,0.0
lmh,10,0.25,40,0.81,0.009049680646450457,0.9909503193535496,0.0
lmh,10,0.25,41,0.83,0.00904569195944776,0.9909543080405523,0.0
lmh,10,0.25,42,0.85,0.009045118545547666,0.9909548814544524,0.0
lmh,10,0.25,43,0.8699999999999999,0.009044968892357301,0.9909550311076427,0.0
lmh,10,0.25,44,0.89,0.009044871745134068,0.990955128254866,0.0
lmh,10,0.25,45,0.91,0.009044781064790121,0.9909552189352099,0.0
lmh,10,0.25,46,0.9299999999999999,0.009044691154619061,0.9909553088453809,0.0
lmh,10,0.25,47,0.95,0.009044601318640124,0.9909553986813598,0.0
lmh,10,0.25,48,0.97,0.009044511478485466,0.9909554885215146,0.0
lmh,10,0.25,49,0.99,0.00904442163032462,0.9909555783696754,0.0
lmh,10,0.25,50,1.01,0.00904433177802029,0.9909556682219797,0.0
lmh,10,0.25,51,1.03,0.00904424192524491,0.9909557580747551,0.0
lmh,10,0.25,52,1.05,0.009044152074745123,0.9909558479252549,0.0
lmh,10,0.25,53,1.07,0.00904406222856181,0.9909559377714382,0.0
lmh,10,0.25,54,1.0899999999999999,0.00904397238810575,0.9909560276118943,0.0
lmh,10,0.25,55,1.1099999999999999,0.009043882554441851,0.9909561174455582,0.0
lmh,10,0.25,56,1.13,0.009043792728297919,0.9909562072717022,0.0
lmh,10,0.25,57,1.15,0.009043702910191433,0.9909562970898086,0.0
lmh,10,0.25,58,1.1700000000000002,0.009043613100489782,0.9909563868995103,0.0
lmh,10,0.25,59,1.19,0.009043523299455335,0.9909564767005447,0.0
lmh,20,0.5,0,0.01,0.8775494705601843,0.12245052943981573,0.0
lmh,20,0.5,1,0.029999999999999995,0.8341527452793764,0.1658472547206236,0.0
lmh,20,0.5,2,0.05,0.7992890287541929,0.20071097124580708,0.0
lmh,20,0.5,3,0.07,0.7707906508208315,0.2292093491791685,0.0
lmh,20,0.5,4,0.09,0.7476423058147401,0.25235769418526,0.0
lmh,20,0.5,5,0.11,0.7288637520912309,0.2711362479087691,0.0
lmh,20,0.5,6,0.13,0.7135645408880104,0.28643545911198953,0.0
lmh,20,0.5,7,0.15,0.7009203667216855,0.29907963327831455,0.0
lmh,20,0.5,8,0.16999999999999998,0.6901607640195959,0.3098392359804042,0.0
lmh,20,0.5,9,0.19,0.6805922062965614,0.31940779370343864,0.0
lmh,20,0.5,10,0.21,0.6716369634785042,0.32836303652149573,0.0
lmh,20,0.5,11,0.22999999999999998,0.6628626289354195,0.3371373710645805,0.0
lmh,20,0.5,12,0.25,0.6539888602547835,0.3460111397452165,0.0
lmh,20,0.5,13,0.26999999999999996,0.6448717145416984,0.35512828545830166,0.0
lmh,20,0.5,14,0.29,0.63547395962143,0.36452604037857,0.0
lmh,20,0.5,15,0.30999999999999994,0.6258310183208431,0.3741689816791569,0.0
lmh,20,0.5,16,0.33,0.6160196648616831,0.3839803351383168,0.0
lmh,20,0.5,17,0.35,0.6061332003241804,0.39386679967581956,0.0
lmh,20,0.5,18,0.37,0.5962641189969091,0.40373588100309094,0.0
lmh,20,0.5,19,0.38999999999999996,0.5864936085466691,0.413506391453331,0.0
lmh,20,0.5,20,0.41,0.5768864498127103,0.4231135501872898,0.0
lmh,20,0.5,21,0.43,0.5674897109846246,0.4325102890153753,0.0
lmh,20,0.5,22,0.45,0.5583338023667492,0.44166619763325077,0.0
lmh,20,0.5,23,0.47,0.5494347745994507,0.4505652254005493,0.0
lmh,20,0.5,24,0.49,0.5407970794156642,0.4592029205843357,0.0
lmh,20,0.5,25,0.51,0.5324163022536159,0.4675836977463841,0.0
lmh,20,0.5,26,0.5299999999999999,0.5242815967473066,0.4757184032526935,0.0
lmh,20,0.5,27,0.55,0.5163777031555763,0.4836222968444237,0.0
lmh,20,0.5,28,0.57,0.5086865282072781,0.49131347179272195,0.0
lmh,20,0.5,29,0.59,0.5011883172653715,0.4988116827346286,0.0
lmh,20,0.5,30,0.61,0.493862474597238,0.506137525402762,0.0
lmh,20,0.5,31,0.63,0.48668809470630925,0.5133119052936909,0.0
lmh,20,0.5,32,0.65,0.4796442644687846,0.5203557355312155,0.0
lmh,20,0.5,33,0.6699999999999999,0.47271018740538523,0.5272898125946148,0.0
lmh,20,0.5,34,0.69,0.465865171419194,0.534134828580806,0.0
lmh,20,0.5,35,0.7100000000000001,0.4590885106840822,0.5409114893159179,0.0
lmh,20,0.5,36,0.73,0.4523592824680496,0.5476407175319504,0.0
lmh,20,0.5,37,0.75,0.4456560717472638,0.5543439282527363,0.0
lmh,20,0.5,38,0.7699999999999999,0.43895662771443766,0.5610433722855623,0.0
lmh,20,0.5,39,0.7899999999999999,0.4322374492481802,0.5677625507518198,0.0
lmh,20,0.5,40,0.81,0.42547329182394744,0.5745267081760527,0.0
lmh,20,0.5,41,0.83,0.41863657694414075,0.5813634230558592,0.0
lmh,20,0.5,42,0.85,0.4116966804183363,0.5883033195816638,0.0
lmh,20,0.5,43,0.8699999999999999,0.4046190715688875,0.5953809284311125,0.0
lmh,20,0.5,44,0.89,0.3973642458920816,0.6026357541079185,0.0
lmh,20,0.5,45,0.91,0.3898864030523762,0.6101135969476238,0.0
lmh,20,0.5,46,0.9299999999999999,0.382131802010042,0.6178681979899581,0.0
lmh,20,0.5,47,0.95,0.374036636407603,0.625963363592397,0.0
lmh,20,0.5,48,0.97,0.3655243849400825,0.6344756150599176,0.0
lmh,20,0.5,49,0.99,0.35650242798522974,0.6434975720147702,0.0
lmh,20,0.5,50,1.01,0.3468575362973455,0.6531424637026545,0.0
lmh,20,0.5,51,1.03,0.336450503519106,0.6635494964808941,0.0
lmh,20,0.5,52,1.05,0.32510901530532604,0.6748909846946739,0.0
lmh,20,0.5,53,1.07,0.3126183934666748,0.6873816065333251,0.0
lmh,20,0.5,54,1.0899999999999999,0.29871277024872567,0.7012872297512743,0.0
lmh,20,0.5,55,1.1099999999999999,0.2830622149437973,0.7169377850562028,0.0
lmh,20,0.5,56,1.13,0.2652630960855978,0.7347369039144022,0.0
lmh,20,0.5,57,1.15,0.24484568244802507,0.7551543175519749,0.0
lmh,20,0.5,58,1.1700000000000002,0.221281595107131,0.7787184048928689,0.0
lmh,20,0.5,59,1.19,0.19408176803685948,0.8059182319631405,0.0
lmh,30,0.75,0,0.01,0.9026522260311017,0.09734777396889832,0.0
lmh,30,0.75,1,0.029999999999999995,0.8699676527231437,0.13003234727685636,0.0
lmh,30,0.75,2,0.05,0.8420046291685979,0.15799537083140214,0.0
lmh,30,0.75,3,0.07,0.8165961701767869,0.1834038298232131,0.0
lmh,30,0.75,4,0.09,0.7941740371111526,0.2058259628888474,0.0
lmh,30,0.75,5,0.11,0.7747069963629912,0.22529300363700866,0.0
lmh,30,0.75,6,0.13,0.757918730142469,0.242081269857531,0.0
lmh,30,0.75,7,0.15,0.7435065745737603,0.2564934254262397,0.0
lmh,30,0.75,8,0.16999999999999998,0.7312025319007813,0.26879746809921873,0.0
lmh,30,0.75,9,0.19,0.7207684414173461,0.2792315585826538,0.0
lmh,30,0.75,10,0.21,0.7119731442076773,0.28802685579232273,0.0
lmh,30,0.75,11,0.22999999999999998,0.7045716725464346,0.29542832745356534,0.0
lmh,30,0.75,12,0.25,0.6982952568762448,0.30170474312375517,0.0
lmh,30,0.75,13,0.26999999999999996,0.692854919861557,0.307145080138443,0.0
lmh,30,0.75,14,0.29,0.6879566397291828,0.31204336027081736,0.0
lmh,30,0.75,15,0.30999999999999994,0.6833225573554625,0.31667744264453757,0.0
lmh,30,0.75,16,0.33,0.6787115471526619,0.3212884528473382,0.0
lmh,30,0.75,17,0.35,0.6739338987237995,0.3260661012762005,0.0
lmh,30,0.75,18,0.37,0.6688577759091281,0.33114222409087185,0.0
lmh,30,0.75,19,0.38999999999999996,0.6634079311385737,0.33659206886142634,0.0
lmh,30,0.75,20,0.41,0.6575588101356398,0.34244118986436023,0.0
lmh,30,0.75,21,0.43,0.6513245747490355,0.3486754252509645,0.0
lmh,30,0.75,22,0.45,0.6447481724691176,0.3552518275308824,0.0
lmh,30,0.75,23,0.47,0.6378909205795263,0.36210907942047366,0.0
lmh,30,0.75,24,0.49,0.630823465868662,0.369176534131338,0.0
lmh,30,0.75,25,0.51,0.6236185265135766,0.3763814734864234,0.0
lmh,30,0.75,26,0.5299999999999999,0.6163455103952509,0.38365448960474924,0.0
lmh,30,0.75,27,0.55,0.6090668982347466,0.3909331017652535,0.0
lmh,30,0.75,28,0.57,0.6018361537910464,0.3981638462089536,0.0
lmh,30,0.75,29,0.59,0.5946968602668172,0.4053031397331828,0.0
lmh,30,0.75,30,0.61,0.5876827686294762,0.4123172313705238,0.0
lmh,30,0.75,31,0.63,0.5808184658403628,0.4191815341596372,0.0
lmh,30,0.75,32,0.65,0.5741204148343119,0.4258795851656881,0.0
lmh,30,0.75,33,0.6699999999999999,0.567598171038278,0.4324018289617221,0.0
lmh,30,0.75,34,0.69,0.5612556329677627,0.43874436703223724,0.0
lmh,30,0.75,35,0.7100000000000001,0.5550922312449368,0.44490776875506316,0.0
lmh,30,0.75,36,0.73,0.5491039985397638,0.4508960014602363,0.0
lmh,30,0.75,37,0.75,0.5432844919127874,0.4567155080872127,0.0
lmh,30,0.75,38,0.7699999999999999,0.5376255596010463,0.4623744403989538,0.0
lmh,30,0.75,39,0.7899999999999999,0.5321179578196376,0.4678820421803624,0.0
lmh,30,0.75,40,0.81,0.5267518311984395,0.4732481688015605,0.0
lmh,30,0.75,41,0.83,0.5215170744901443,0.4784829255098557,0.0
lmh,30,0.75,42,0.85,0.5164035944101032,0.48359640558989675,0.0
lmh,30,0.75,43,0.8699999999999999,0.5114014898865259,0.4885985101134742,0.0
lmh,30,0.75,44,0.89,0.5065011673541777,0.4934988326458224,0.0
lmh,30,0.75,45,0.91,0.5016934055487617,0.4983065944512383,0.0
lmh,30,0.75,46,0.9299999999999999,0.4969693819147542,0.5030306180852459,0.0
lmh,30,0.75,47,0.95,0.49232067045576283,0.5076793295442371,0.0
lmh,30,0.75,48,0.97,0.4877392187663232,0.5122607812336768,0.0
lmh,30,0.75,49,0.99,0.48321731015125524,0.5167826898487449,0.0
lmh,30,0.75,50,1.01,0.47874751517937875,0.5212524848206213,0.0
lmh,30,0.75,51,1.03,0.4743226357222548,0.5256773642777451,0.0
lmh,30,0.75,52,1.05,0.46993564346700983,0.5300643565329902,0.0
lmh,30,0.75,53,1.07,0.4655796140256687,0.5344203859743314,0.0
lmh,30,0.75,54,1.0899999999999999,0.4612476570564916,0.5387523429435084,0.0
lmh,30,0.75,55,1.1099999999999999,0.45693284222326014,0.5430671577767399,0.0
lmh,30,0.75,56,1.13,0.45262812030341426,0.5473718796965856,0.0
lmh,30,0.75,57,1.15,0.448326238294558,0.5516737617054421,0.0
lmh,30,0.75,58,1.1700000000000002,0.44401964690899226,0.5559803530910078,0.0
lmh,30,0.75,59,1.19,0.43970039835370767,0.5602996016462924,0.0
lmh,40,1.0,0,0.01,0.9164307924857609,0.08356920751423917,0.0
lmh,40,1.0,1,0.029999999999999995,0.8900932749599776,0.10990672504002251,0.0
lmh,40,1.0,2,0.05,0.8684858353815016,0.13151416461849855,0.0
lmh,40,1.0,3,0.07,0.8471523850439843,0.15284761495601576,0.0
lmh,40,1.0,4,0.09,0.8268133119157289,0.17318668808427107,0.0
lmh,40,1.0,5,0.11,0.808192765938322,0.1918072340616781,0.0
lmh,40,1.0,6,0.13,0.7914662197053608,0.20853378029463918,0.0
lmh,40,1.0,7,0.15,0.7765436317591587,0.22345636824084117,0.0
lmh,40,1.0,8,0.16999999999999998,0.7632624307671357,0.23673756923286438,0.0
lmh,40,1.0,9,0.19,0.7514649572790615,0.24853504272093851,0.0
lmh,40,1.0,10,0.21,0.7410207589752602,0.25897924102473985,0.0
lmh,40,1.0,11,0.22999999999999998,0.7318268132364374,0.26817318676356255,0.0
lmh,40,1.0,12,0.25,0.7237993141846182,0.27620068581538176,0.0
lmh,40,1.0,13,0.26999999999999996,0.7168624044263272,0.2831375955736728,0.0
lmh,40,1.0,14,0.29,0.7109364262490842,0.2890635737509158,0.0
lmh,40,1.0,15,0.30999999999999994,0.705927618939172,0.29407238106082795,0.0
lmh,40,1.0,16,0.33,0.7017211069150497,0.2982788930849502,0.0
lmh,40,1.0,17,0.35,0.6981787122496059,0.30182128775039396,0.0
lmh,40,1.0,18,0.37,0.6951422702164337,0.30485772978356634,0.0
lmh,40,1.0,19,0.38999999999999996,0.6924418438625981,0.3075581561374019,0.0
lmh,40,1.0,20,0.41,0.6899069836787635,0.31009301632123665,0.0
lmh,40,1.0,21,0.43,0.687378502332538,0.3126214976674619,0.0
lmh,40,1.0,22,0.45,0.6847184109071995,0.3152815890928004,0.0
lmh,40,1.0,23,0.47,0.681816533046041,0.31818346695395905,0.0
lmh,40,1.0,24,0.49,0.6785934119563581,0.3214065880436419,0.0
lmh,40,1.0,25,0.51,0.6749999949546871,0.3250000050453128,0.0
lmh,40,1.0,26,0.5299999999999999,0.6710150064004683,0.32898499359953187,0.0
lmh,40,1.0,27,0.55,0.666640949975645,0.3333590500243549,0.0
lmh,40,1.0,28,0.57,0.6618994935849549,0.3381005064150451,0.0
lmh,40,1.0,29,0.59,0.6568267535532392,0.3431732464467609,0.0
lmh,40,1.0,30,0.61,0.6514688025329753,0.3485311974670247,0.0
lmh,40,1.0,31,0.63,0.6458775992685433,0.3541224007314567,0.0
lmh,40,1.0,32,0.65,0.6401074616655187,0.3598925383344813,0.0
lmh,40,1.0,33,0.6699999999999999,0.6342121533207324,0.36578784667926756,0.0
lmh,40,1.0,34,0.69,0.6282426113633062,0.37175738863669394,0.0
lmh,40,1.0,35,0.7100000000000001,0.6222453042835503,0.3777546957164496,0.0
lmh,40,1.0,36,0.73,0.6162611735335087,0.38373882646649127,0.0
lmh,40,1.0,37,0.75,0.610325085543738,0.389674914456262,0.0
lmh,40,1.0,38,0.7699999999999999,0.6044657039777623,0.39553429602223766,0.0
lmh,40,1.0,39,0.7899999999999999,0.5987056859591796,0.4012943140408204,0.0
lmh,40,1.0,40,0.81,0.5930621091426909,0.40693789085730925,0.0
lmh,40,1.0,41,0.83,0.5875470462560796,0.4124529537439204,0.0
lmh,40,1.0,42,0.85,0.5821682172916712,0.41783178270832877,0.0
lmh,40,1.0,43,0.8699999999999999,0.5769296644238958,0.4230703355761041,0.0
lmh,40,1.0,44,0.89,0.571832409175051,0.428167590824949,0.0
lmh,40,1.0,45,0.91,0.5668750642208195,0.4331249357791806,0.0
lmh,40,1.0,46,0.9299999999999999,0.5620543829677103,0.4379456170322899,0.0
lmh,40,1.0,47,0.95,0.5573657385053434,0.44263426149465657,0.0
lmh,40,1.0,48,0.97,0.5528035298610989,0.4471964701389012,0.0
lmh,40,1.0,49,0.99,0.5483615179288093,0.4516384820711907,0.0
lmh,40,1.0,50,1.01,0.5440330963321983,0.4559669036678017,0.0
lmh,40,1.0,51,1.03,0.5398115041473642,0.46018849585263577,0.0
lmh,40,1.0,52,1.05,0.5356899881495141,0.4643100118504858,0.0
lmh,40,1.0,53,1.07,0.5316619223296629,0.4683380776703371,0.0
lmh,40,1.0,54,1.0899999999999999,0.5277208920621244,0.47227910793787564,0.0
lmh,40,1.0,55,1.1099999999999999,0.5238607496635467,0.4761392503364534,0.0
lmh,40,1.0,56,1.13,0.5200756472979836,0.47992435270201633,0.0
lmh,40,1.0,57,1.15,0.5163600523436216,0.48363994765637836,0.0
lmh,40,1.0,58,1.1700000000000002,0.5127087495100559,0.4872912504899442,0.0
lmh,40,1.0,59,1.19,0.5091168332219406,0.49088316677805943,0.0
