id,source,pair,kind,split,temperature_K,pressure_Pa,salinity_molal,density_kg_m3,uncertainty,x_h2o,x_co2,x_ch4,x_c2,x_nc4,y_h2o,y_co2,y_ch4,y_c2,y_nc4
may2015_ch4_c2_000,May et al. (2015),ch4_c2,vle,training,243.58,3949000.0,0.0,0.0,52000.0,0.0,0.0,0.3099,0.6900999999999999,0.0,0.0,0.0,0.6664,0.3336,0.0
may2015_ch4_c2_001,May et al. (2015),ch4_c2,vle,training,203.22,2124000.0,0.0,0.0,137000.0,0.0,0.0,0.3653,0.6347,0.0,0.0,0.0,0.8667,0.1333,0.0
may2015_ch4_c2_002,May et al. (2015),ch4_c2,vle,validation,213.39,2517000.0,0.0,0.0,157000.0,0.0,0.0,0.3464,0.6536,0.0,0.0,0.0,0.8289,0.1711,0.0
may2015_ch4_c2_003,May et al. (2015),ch4_c2,vle,validation,223.5,2945000.0,0.0,0.0,81000.0,0.0,0.0,0.3315,0.6685,0.0,0.0,0.0,0.7805,0.2195,0.0
may2015_ch4_c2_004,May et al. (2015),ch4_c2,vle,training,233.56,3417000.0,0.0,0.0,74000.0,0.0,0.0,0.3188,0.6812,0.0,0.0,0.0,0.7244999999999999,0.2755,0.0
may2015_ch4_c2_005,May et al. (2015),ch4_c2,vle,training,243.6,3942000.0,0.0,0.0,52000.0,0.0,0.0,0.3082,0.6918,0.0,0.0,0.0,0.6659999999999999,0.334,0.0
may2015_ch4_c2_006,May et al. (2015),ch4_c2,vle,training,243.6,4831000.0,0.0,0.0,77000.0,0.0,0.0,0.3973,0.6027,0.0,0.0,0.0,0.7046,0.2954,0.0
may2015_ch4_c2_007,May et al. (2015),ch4_c2,vle,training,243.6,5395000.0,0.0,0.0,76000.0,0.0,0.0,0.4553,0.5447,0.0,0.0,0.0,0.7212000000000001,0.2788,0.0
may2015_ch4_c2_008,May et al. (2015),ch4_c2,vle,training,243.61,6080000.0,0.0,0.0,111000.0,0.0,0.0,0.5273,0.4727,0.0,0.0,0.0,0.7222,0.2778,0.0
may2015_ch4_c2_009,May et al. (2015),ch4_c2,vle,training,243.61,6469000.0,0.0,0.0,1683000.0,0.0,0.0,0.5673,0.4327,0.0,0.0,0.0,0.7269,0.2731,0.0
may2015_ch4_c2_010,May et al. (2015),ch4_c2,vle,training,243.61,6691000.0,0.0,0.0,1187000.0,0.0,0.0,0.5957,0.4043,0.0,0.0,0.0,0.7188,0.2812,0.0
may2015_ch4_c2_011,May et al. (2015),ch4_c2,vle,validation,243.6,6885000.0,0.0,0.0,1349000.0,0.0,0.0,0.6218,0.3782,0.0,0.0,0.0,0.7122999999999999,0.2877,0.0
may2015_ch4_c2_012,May et al. (2015),ch4_c2,vle,training,243.6,6487000.0,0.0,0.0,1373000.0,0.0,0.0,0.5754,0.4246,0.0,0.0,0.0,0.7199,0.2801,0.0
may2015_ch4_c2_013,May et al. (2015),ch4_c2,vle,training,243.6,5564000.0,0.0,0.0,80000.0,0.0,0.0,0.4741,0.5259,0.0,0.0,0.0,0.7255,0.2745,0.0
may2015_ch4_c2_014,May et al. (2015),ch4_c2,vle,validation,243.6,5094000.0,0.0,0.0,78000.0,0.0,0.0,0.4255,0.5745,0.0,0.0,0.0,0.7143999999999999,0.2856,0.0
may2015_ch4_c2_015,May et al. (2015),ch4_c2,vle,validation,243.61,3718000.0,0.0,0.0,60000.0,0.0,0.0,0.2865,0.7135,0.0,0.0,0.0,0.6578999999999999,0.3421,0.0
may2015_ch4_c2_016,May et al. (2015),ch4_c2,vle,training,243.6,3675000.0,0.0,0.0,68000.0,0.0,0.0,0.2812,0.7188,0.0,0.0,0.0,0.651,0.349,0.0
may2015_ch4_nc4_000,May et al. (2015),ch4_nc4,vle,training,273.42,7249000.0,0.0,0.0,52000.0,0.0,0.0,0.4246,0.0,0.5754,0.0,0.0,0.9518,0.0,0.0482
may2015_ch4_nc4_001,May et al. (2015),ch4_nc4,vle,validation,263.48,6842000.0,0.0,0.0,66000.0,0.0,0.0,0.4331,0.0,0.5669,0.0,0.0,0.9643,0.0,0.0357
may2015_ch4_nc4_002,May et al. (2015),ch4_nc4,vle,training,253.52,6431000.0,0.0,0.0,49000.0,0.0,0.0,0.448,0.0,0.552,0.0,0.0,0.9735,0.0,0.0265
may2015_ch4_nc4_003,May et al. (2015),ch4_nc4,vle,training,244.52,6005000.0,0.0,0.0,49000.0,0.0,0.0,0.4601,0.0,0.5399,0.0,0.0,0.9803,0.0,0.0197
may2015_ch4_nc4_004,May et al. (2015),ch4_nc4,vle,validation,243.52,6010000.0,0.0,0.0,60000.0,0.0,0.0,0.4646,0.0,0.5354,0.0,0.0,0.9812,0.0,0.0188
may2015_ch4_nc4_005,May et al. (2015),ch4_nc4,vle,training,233.5,5593000.0,0.0,0.0,50000.0,0.0,0.0,0.488,0.0,0.512,0.0,0.0,0.9874,0.0,0.0126
may2015_ch4_nc4_006,May et al. (2015),ch4_nc4,vle,training,233.49,5604000.0,0.0,0.0,55000.0,0.0,0.0,0.4882,0.0,0.5118,0.0,0.0,0.9854,0.0,0.0146
may2015_ch4_nc4_007,May et al. (2015),ch4_nc4,vle,training,223.44,5163000.0,0.0,0.0,53000.0,0.0,0.0,0.5201,0.0,0.4799,0.0,0.0,0.9925,0.0,0.0075
may2015_ch4_nc4_008,May et al. (2015),ch4_nc4,vle,training,213.36,4702000.0,0.0,0.0,98000.0,0.0,0.0,0.5615,0.0,0.4385,0.0,0.0,0.9939,0.0,0.0061
may2015_ch4_nc4_009,May et al. (2015),ch4_nc4,vle,validation,203.25,4224000.0,0.0,0.0,43000.0,0.0,0.0,0.6217,0.0,0.37829999999999997,0.0,0.0,0.9964,0.0,0.0036
may2015_ch4_nc4_010,May et al. (2015),ch4_nc4,vle,training,244.52,1311000.0,0.0,0.0,45000.0,0.0,0.0,0.1071,0.0,0.8929,0.0,0.0,0.9711,0.0,0.0289
may2015_ch4_nc4_011,May et al. (2015),ch4_nc4,vle,validation,244.53,3318000.0,0.0,0.0,46000.0,0.0,0.0,0.2669,0.0,0.7331,0.0,0.0,0.9825,0.0,0.0175
may2015_ch4_nc4_012,May et al. (2015),ch4_nc4,vle,validation,244.48,5058000.0,0.0,0.0,66000.0,0.0,0.0,0.395,0.0,0.605,0.0,0.0,0.9846,0.0,0.0154
may2015_ch4_nc4_013,May et al. (2015),ch4_nc4,vle,validation,244.52,6005000.0,0.0,0.0,49000.0,0.0,0.0,0.4601,0.0,0.5399,0.0,0.0,0.9803,0.0,0.0197
may2015_ch4_nc4_014,May et al. (2015),ch4_nc4,vle,training,244.52,6593000.0,0.0,0.0,78000.0,0.0,0.0,0.5008,0.0,0.4992,0.0,0.0,0.9815,0.0,0.0185
may2015_ch4_nc4_015,May et al. (2015),ch4_nc4,vle,training,244.51,8016000.0,0.0,0.0,58000.0,0.0,0.0,0.6002,0.0,0.39980000000000004,0.0,0.0,0.9726,0.0,0.0274
may2015_ch4_nc4_016,May et al. (2015),ch4_nc4,vle,training,244.52,8238000.0,0.0,0.0,67000.0,0.0,0.0,0.618,0.0,0.382,0.0,0.0,0.9749,0.0,0.0251
may2015_ch4_nc4_017,May et al. (2015),ch4_nc4,vle,training,244.52,9161000.0,0.0,0.0,58000.0,0.0,0.0,0.6869,0.0,0.31310000000000004,0.0,0.0,0.9601,0.0,0.0399
may2015_ch4_nc4_018,May et al. (2015),ch4_nc4,vle,validation,244.52,9913000.0,0.0,0.0,69000.0,0.0,0.0,0.7522,0.0,0.24780000000000002,0.0,0.0,0.9485,0.0,0.0515
may2015_ch4_nc4_019,May et al. (2015),ch4_nc4,vle,training,244.48,10132000.0,0.0,0.0,68000.0,0.0,0.0,0.7764,0.0,0.22360000000000002,0.0,0.0,0.9406,0.0,0.0594
petropoulou2018_co2_ch4_000,Petropoulou et al. (2018),co2_ch4,vle,validation,293.13,5727300.0,0.0,0.0,1e-05,0.0,0.99999,9.99999999995449e-06,0.0,0.0,0.0,0.99999,9.99999999995449e-06,0.0,0.0
petropoulou2018_co2_ch4_001,Petropoulou et al. (2018),co2_ch4,vle,training,293.1295,6134700.000000001,0.0,0.0,0.00165,0.0,0.98472,0.01527999999999996,0.0,0.0,0.0,0.9603,0.03969999999999996,0.0,0.0
petropoulou2018_co2_ch4_002,Petropoulou et al. (2018),co2_ch4,vle,training,293.1295,6645850.0,0.0,0.0,0.00174,0.0,0.96439,0.03561000000000003,0.0,0.0,0.0,0.91971,0.08028999999999997,0.0,0.0
petropoulou2018_co2_ch4_003,Petropoulou et al. (2018),co2_ch4,vle,training,293.1295,6840100.0,0.0,0.0,0.00177,0.0,0.95611,0.043889999999999985,0.0,0.0,0.0,0.90679,0.09321000000000002,0.0,0.0
petropoulou2018_co2_ch4_004,Petropoulou et al. (2018),co2_ch4,vle,validation,293.13,6975550.0,0.0,0.0,0.00179,0.0,0.95018,0.049819999999999975,0.0,0.0,0.0,0.89863,0.10136999999999996,0.0,0.0
petropoulou2018_co2_ch4_005,Petropoulou et al. (2018),co2_ch4,vle,training,293.129,7118300.0,0.0,0.0,0.00183,0.0,0.94364,0.056359999999999966,0.0,0.0,0.0,0.8907,0.10929999999999995,0.0,0.0
petropoulou2018_co2_ch4_006,Petropoulou et al. (2018),co2_ch4,vle,training,293.13,7350800.0,0.0,0.0,0.00184,0.0,0.9324,0.0676,0.0,0.0,0.0,0.87979,0.12021000000000004,0.0,0.0
petropoulou2018_co2_ch4_007,Petropoulou et al. (2018),co2_ch4,vle,training,293.13,7575800.0,0.0,0.0,0.00187,0.0,0.92024,0.07976000000000005,0.0,0.0,0.0,0.87189,0.12810999999999995,0.0,0.0
petropoulou2018_co2_ch4_008,Petropoulou et al. (2018),co2_ch4,vle,validation,293.13,7796150.0,0.0,0.0,0.00192,0.0,0.90568,0.09431999999999996,0.0,0.0,0.0,0.86866,0.13134,0.0,0.0
petropoulou2018_co2_ch4_009,Petropoulou et al. (2018),co2_ch4,vle,training,293.13,7909100.0,0.0,0.0,0.00234,0.0,0.89394,0.10606000000000004,0.0,0.0,0.0,0.87303,0.12697000000000003,0.0,0.0
petropoulou2018_co2_ch4_010,Petropoulou et al. (2018),co2_ch4,vle,training,293.13,7913500.0,0.0,0.0,0.00239,0.0,0.89309,0.10690999999999995,0.0,0.0,0.0,0.87361,0.12639,0.0,0.0
petropoulou2018_co2_ch4_011,Petropoulou et al. (2018),co2_ch4,vle,training,293.128,7917900.0,0.0,0.0,0.00251,0.0,0.8922,0.1078,0.0,0.0,0.0,0.87424,0.12575999999999998,0.0,0.0
petropoulou2018_co2_ch4_012,Petropoulou et al. (2018),co2_ch4,vle,validation,293.1295,7921900.0,0.0,0.0,0.00285,0.0,0.89123,0.10877000000000003,0.0,0.0,0.0,0.87499,0.12500999999999995,0.0,0.0
petropoulou2018_co2_ch4_013,Petropoulou et al. (2018),co2_ch4,vle,training,293.13,7926600.0,0.0,0.0,0.00297,0.0,0.88982,0.11017999999999994,0.0,0.0,0.0,0.87626,0.12373999999999996,0.0,0.0
petropoulou2018_co2_ch4_014,Petropoulou et al. (2018),co2_ch4,vle,training,293.1295,7930800.0,0.0,0.0,0.00329,0.0,0.88782,0.11217999999999995,0.0,0.0,0.0,0.87817,0.12183,0.0,0.0
petropoulou2018_co2_ch4_015,Petropoulou et al. (2018),co2_ch4,vle,training,298.141,6431600.0,0.0,0.0,1e-05,0.0,0.99999,9.99999999995449e-06,0.0,0.0,0.0,0.99999,9.99999999995449e-06,0.0,0.0
petropoulou2018_co2_ch4_016,Petropoulou et al. (2018),co2_ch4,vle,training,298.142,6641050.0,0.0,0.0,0.00164,0.0,0.992,0.008000000000000007,0.0,0.0,0.0,0.98297,0.01702999999999999,0.0,0.0
petropoulou2018_co2_ch4_017,Petropoulou et al. (2018),co2_ch4,vle,validation,298.1415,6975450.0,0.0,0.0,0.00164,0.0,0.97855,0.02144999999999997,0.0,0.0,0.0,0.95917,0.04083000000000003,0.0,0.0
petropoulou2018_co2_ch4_018,Petropoulou et al. (2018),co2_ch4,vle,training,298.142,7311400.0,0.0,0.0,0.00159,0.0,0.96361,0.03639000000000003,0.0,0.0,0.0,0.93993,0.06006999999999996,0.0,0.0
petropoulou2018_co2_ch4_019,Petropoulou et al. (2018),co2_ch4,vle,training,298.142,7507850.0,0.0,0.0,0.00161,0.0,0.95359,0.04640999999999995,0.0,0.0,0.0,0.9318,0.06820000000000004,0.0,0.0
petropoulou2018_co2_ch4_020,Petropoulou et al. (2018),co2_ch4,vle,training,298.142,7625000.0,0.0,0.0,0.00165,0.0,0.94622,0.05378000000000005,0.0,0.0,0.0,0.92917,0.07082999999999995,0.0,0.0
petropoulou2018_co2_ch4_021,Petropoulou et al. (2018),co2_ch4,vle,validation,298.1415,7659900.0,0.0,0.0,0.00163,0.0,0.94337,0.05662999999999996,0.0,0.0,0.0,0.92928,0.07072,0.0,0.0
petropoulou2018_co2_ch4_022,Petropoulou et al. (2018),co2_ch4,vle,training,298.1415,7678300.0,0.0,0.0,0.00159,0.0,0.9415,0.058499999999999996,0.0,0.0,0.0,0.92979,0.07021,0.0,0.0
petropoulou2018_co2_ch4_023,Petropoulou et al. (2018),co2_ch4,vle,training,298.142,7688600.0,0.0,0.0,0.00184,0.0,0.94016,0.059840000000000004,0.0,0.0,0.0,0.93044,0.06955999999999996,0.0,0.0
petropoulou2018_co2_ch4_024,Petropoulou et al. (2018),co2_ch4,vle,training,298.142,7693800.0,0.0,0.0,0.00197,0.0,0.93924,0.060760000000000036,0.0,0.0,0.0,0.93103,0.06896999999999998,0.0,0.0
petropoulou2018_co2_ch4_025,Petropoulou et al. (2018),co2_ch4,vle,validation,298.1415,7697750.0,0.0,0.0,0.00198,0.0,0.93835,0.06164999999999998,0.0,0.0,0.0,0.93175,0.06825000000000003,0.0,0.0
petropoulou2018_co2_ch4_026,Petropoulou et al. (2018),co2_ch4,vle,training,303.144,7212100.0,0.0,0.0,1e-05,0.0,0.99999,9.99999999995449e-06,0.0,0.0,0.0,0.99999,9.99999999995449e-06,0.0,0.0
petropoulou2018_co2_ch4_027,Petropoulou et al. (2018),co2_ch4,vle,training,303.144,7262500.0,0.0,0.0,0.00148,0.0,0.99791,0.0020900000000000363,0.0,0.0,0.0,0.99695,0.003049999999999997,0.0,0.0
petropoulou2018_co2_ch4_028,Petropoulou et al. (2018),co2_ch4,vle,training,303.1445,7306400.0,0.0,0.0,0.00148,0.0,0.996,0.0040000000000000036,0.0,0.0,0.0,0.99438,0.005619999999999958,0.0,0.0
petropoulou2018_co2_ch4_029,Petropoulou et al. (2018),co2_ch4,vle,validation,303.14250000000004,7360900.0,0.0,0.0,0.00148,0.0,0.9935,0.00649999999999995,0.0,0.0,0.0,0.99142,0.008580000000000032,0.0,0.0
petropoulou2018_co2_ch4_030,Petropoulou et al. (2018),co2_ch4,vle,training,303.144,7415550.0,0.0,0.0,0.00148,0.0,0.99073,0.00927,0.0,0.0,0.0,0.98896,0.01104000000000005,0.0,0.0
petropoulou2018_co2_ch4_031,Petropoulou et al. (2018),co2_ch4,vle,training,303.145,7425450.000000001,0.0,0.0,0.00149,0.0,0.99009,0.009909999999999974,0.0,0.0,0.0,0.98862,0.011379999999999946,0.0,0.0
petropoulou2018_co2_ch4_032,Petropoulou et al. (2018),co2_ch4,vle,training,303.145,7428799.999999999,0.0,0.0,0.00153,0.0,0.98988,0.010120000000000018,0.0,0.0,0.0,0.98855,0.01144999999999996,0.0,0.0
petropoulou2018_co2_ch4_033,Petropoulou et al. (2018),co2_ch4,vle,validation,303.145,7430500.0,0.0,0.0,0.00152,0.0,0.98975,0.010249999999999981,0.0,0.0,0.0,0.98856,0.011440000000000006,0.0,0.0
petropoulou2018_co2_ch4_034,Petropoulou et al. (2018),co2_ch4,vle,training,303.145,7431700.000000001,0.0,0.0,0.00151,0.0,0.98963,0.01036999999999999,0.0,0.0,0.0,0.98854,0.011460000000000026,0.0,0.0
petropoulou2018_co2_ch4_035,Petropoulou et al. (2018),co2_ch4,vle,training,303.145,7432950.000000001,0.0,0.0,0.00151,0.0,0.9895,0.010499999999999954,0.0,0.0,0.0,0.98855,0.01144999999999996,0.0,0.0
petropoulou2018_co2_ch4_036,Petropoulou et al. (2018),co2_ch4,vle,training,303.144,7434100.0,0.0,0.0,0.00153,0.0,0.98934,0.010660000000000003,0.0,0.0,0.0,0.98861,0.011390000000000011,0.0,0.0
frost2014_h2o_ch4_000,Frost et al. (2014),h2o_ch4,vle,training,283.89,5010000.0,0.0,0.0,350000.0,0.99866,0.0,0.00134,0.0,0.0,0.000298,0.0,0.999702,0.0,0.0
frost2014_h2o_ch4_001,Frost et al. (2014),h2o_ch4,vle,training,283.89,5870000.0,0.0,0.0,410000.0,0.99846,0.0,0.00154,0.0,0.0,0.000262,0.0,0.999738,0.0,0.0
frost2014_h2o_ch4_002,Frost et al. (2014),h2o_ch4,vle,validation,283.89,4780000.0,0.0,0.0,310000.0,0.99872,0.0,0.00128,0.0,0.0,0.000441,0.0,0.999559,0.0,0.0
frost2014_h2o_ch4_003,Frost et al. (2014),h2o_ch4,vle,training,283.89,6470000.0,0.0,0.0,440000.0,0.99832,0.0,0.00168,0.0,0.0,0.000238,0.0,0.999762,0.0,0.0
frost2014_h2o_ch4_004,Frost et al. (2014),h2o_ch4,vle,training,283.89,7410000.0,0.0,0.0,500000.0,0.9981,0.0,0.0019,0.0,0.0,0.000225,0.0,0.999775,0.0,0.0
frost2014_h2o_ch4_005,Frost et al. (2014),h2o_ch4,vle,validation,283.89,7110000.0,0.0,0.0,480000.0,0.99817,0.0,0.00183,0.0,0.0,0.000222,0.0,0.999778,0.0,0.0
frost2014_h2o_ch4_006,Frost et al. (2014),h2o_ch4,vle,training,298.31,5110000.0,0.0,0.0,350000.0,0.99881,0.0,0.00119,0.0,0.0,0.000985,0.0,0.999015,0.0,0.0
frost2014_h2o_ch4_007,Frost et al. (2014),h2o_ch4,vle,validation,298.31,6410000.0,0.0,0.0,620000.0,0.9986,0.0,0.0014,0.0,0.0,0.000837,0.0,0.999163,0.0,0.0
frost2014_h2o_ch4_008,Frost et al. (2014),h2o_ch4,vle,training,298.31,8450000.0,0.0,0.0,940000.0,0.99835,0.0,0.00165,0.0,0.0,0.000687,0.0,0.999313,0.0,0.0
frost2014_h2o_ch4_009,Frost et al. (2014),h2o_ch4,vle,training,298.31,11460000.0,0.0,0.0,1130000.0,0.99807,0.0,0.00193,0.0,0.0,0.000552,0.0,0.999448,0.0,0.0
frost2014_h2o_ch4_010,Frost et al. (2014),h2o_ch4,vle,training,298.31,15480000.0,0.0,0.0,1630000.0,0.9976,0.0,0.0024,0.0,0.0,0.000445,0.0,0.999555,0.0,0.0
frost2014_h2o_ch4_011,Frost et al. (2014),h2o_ch4,vle,validation,298.31,19490000.0,0.0,0.0,2990000.0,0.99739,0.0,0.00261,0.0,0.0,0.000378,0.0,0.999622,0.0,0.0
frost2014_h2o_ch4_012,Frost et al. (2014),h2o_ch4,vle,training,313.11,5480000.0,0.0,0.0,240000.0,0.999329,0.0,0.000671,0.0,0.0,0.00169,0.0,0.99831,0.0,0.0
frost2014_h2o_ch4_013,Frost et al. (2014),h2o_ch4,vle,training,313.11,6780000.0,0.0,0.0,280000.0,0.999085,0.0,0.000915,0.0,0.0,0.00136,0.0,0.99864,0.0,0.0
frost2014_h2o_ch4_014,Frost et al. (2014),h2o_ch4,vle,validation,313.11,8150000.0,0.0,0.0,480000.0,0.99877,0.0,0.00123,0.0,0.0,0.00118,0.0,0.99882,0.0,0.0
frost2014_h2o_ch4_015,Frost et al. (2014),h2o_ch4,vle,training,313.11,12460000.0,0.0,0.0,930000.0,0.99811,0.0,0.00189,0.0,0.0,0.000855,0.0,0.999145,0.0,0.0
frost2014_h2o_ch4_016,Frost et al. (2014),h2o_ch4,vle,training,313.11,16780000.0,0.0,0.0,1330000.0,0.99765,0.0,0.00235,0.0,0.0,0.000682,0.0,0.999318,0.0,0.0
frost2014_h2o_ch4_017,Frost et al. (2014),h2o_ch4,vle,training,323.56,4980000.0,0.0,0.0,270000.0,0.999396,0.0,0.000604,0.0,0.0,0.00387,0.0,0.99613,0.0,0.0
frost2014_h2o_ch4_018,Frost et al. (2014),h2o_ch4,vle,training,323.56,6490000.0,0.0,0.0,360000.0,0.999177,0.0,0.000823,0.0,0.0,0.00335,0.0,0.99665,0.0,0.0
frost2014_h2o_ch4_019,Frost et al. (2014),h2o_ch4,vle,validation,323.56,8480000.0,0.0,0.0,390000.0,0.99889,0.0,0.00111,0.0,0.0,0.00265,0.0,0.99735,0.0,0.0
frost2014_h2o_ch4_020,Frost et al. (2014),h2o_ch4,vle,training,323.56,11490000.0,0.0,0.0,1080000.0,0.99831,0.0,0.00169,0.0,0.0,0.00224,0.0,0.99776,0.0,0.0
frost2014_h2o_ch4_021,Frost et al. (2014),h2o_ch4,vle,training,323.56,18480000.0,0.0,0.0,2870000.0,0.99802,0.0,0.00198,0.0,0.0,0.00173,0.0,0.99827,0.0,0.0
yang2018_co2_c2_000,Yang et al. (2018),co2_c2,density,training,273.15,3053060.0,0.0,77.9966,0.0297,0.0,0.0,0.0,0.0,0.0,0.0,0.94977,0.0,0.05023,0.0
yang2018_co2_c2_001,Yang et al. (2018),co2_c2,density,training,273.15,2562230.0,0.0,61.2253,0.0239,0.0,0.0,0.0,0.0,0.0,0.0,0.94977,0.0,0.05023,0.0
yang2018_co2_c2_002,Yang et al. (2018),co2_c2,density,validation,273.15,2061980.0,0.0,46.5645,0.0189,0.0,0.0,0.0,0.0,0.0,0.0,0.94977,0.0,0.05023,0.0
yang2018_co2_c2_003,Yang et al. (2018),co2_c2,density,training,273.15,1075750.0,0.0,22.195,0.0095,0.0,0.0,0.0,0.0,0.0,0.0,0.94977,0.0,0.05023,0.0
yang2018_co2_c2_004,Yang et al. (2018),co2_c2,density,training,273.15,551380.0,0.0,10.9267,0.005,0.0,0.0,0.0,0.0,0.0,0.0,0.94977,0.0,0.05023,0.0
yang2018_co2_c2_005,Yang et al. (2018),co2_c2,density,training,283.15,4045690.0,0.0,108.543,0.042,0.0,0.0,0.0,0.0,0.0,0.0,0.94977,0.0,0.05023,0.0
yang2018_co2_c2_006,Yang et al. (2018),co2_c2,density,training,283.15,3546150.0,0.0,88.2259,0.0327,0.0,0.0,0.0,0.0,0.0,0.0,0.94977,0.0,0.05023,0.0
yang2018_co2_c2_007,Yang et al. (2018),co2_c2,density,validation,283.15,3029920.0,0.0,70.7861,0.0285,0.0,0.0,0.0,0.0,0.0,0.0,0.94977,0.0,0.05023,0.0
yang2018_co2_c2_008,Yang et al. (2018),co2_c2,density,training,283.15,2025920.0,0.0,42.9555,0.018,0.0,0.0,0.0,0.0,0.0,0.0,0.94977,0.0,0.05023,0.0
yang2018_co2_c2_009,Yang et al. (2018),co2_c2,density,training,283.15,1030000.0,0.0,20.2371,0.0086,0.0,0.0,0.0,0.0,0.0,0.0,0.94977,0.0,0.05023,0.0
yang2018_co2_c2_010,Yang et al. (2018),co2_c2,density,training,283.15,519179.99999999994,0.0,9.86023,0.00467,0.0,0.0,0.0,0.0,0.0,0.0,0.94977,0.0,0.05023,0.0
yang2018_co2_c2_011,Yang et al. (2018),co2_c2,density,training,323.15,6013830.0,0.0,133.393,0.049,0.0,0.0,0.0,0.0,0.0,0.0,0.94977,0.0,0.05023,0.0
yang2018_co2_c2_012,Yang et al. (2018),co2_c2,density,training,323.15,5061410.0,0.0,104.85,0.039,0.0,0.0,0.0,0.0,0.0,0.0,0.94977,0.0,0.05023,0.0
yang2018_co2_c2_013,Yang et al. (2018),co2_c2,density,training,323.15,4049920.0,0.0,78.8065,0.0298,0.0,0.0,0.0,0.0,0.0,0.0,0.94977,0.0,0.05023,0.0
yang2018_co2_c2_014,Yang et al. (2018),co2_c2,density,validation,323.15,3038660.0,0.0,55.972,0.0214,0.0,0.0,0.0,0.0,0.0,0.0,0.94977,0.0,0.05023,0.0
yang2018_co2_c2_015,Yang et al. (2018),co2_c2,density,training,323.15,2039410.0,0.0,35.7934,0.0138,0.0,0.0,0.0,0.0,0.0,0.0,0.94977,0.0,0.05023,0.0
yang2018_co2_c2_016,Yang et al. (2018),co2_c2,density,training,323.15,1024900.0000000001,0.0,17.2074,0.0072,0.0,0.0,0.0,0.0,0.0,0.0,0.94977,0.0,0.05023,0.0
yang2018_co2_c2_017,Yang et al. (2018),co2_c2,density,training,323.15,524460.0,0.0,8.6271,0.00425,0.0,0.0,0.0,0.0,0.0,0.0,0.94977,0.0,0.05023,0.0
yang2018_co2_c2_018,Yang et al. (2018),co2_c2,density,training,273.15,3507180.0,0.0,92.6352,0.0358,0.0,0.0,0.0,0.0,0.0,0.0,0.79969,0.0,0.20031,0.0
yang2018_co2_c2_019,Yang et al. (2018),co2_c2,density,training,273.15,3037880.0,0.0,73.9838,0.0285,0.0,0.0,0.0,0.0,0.0,0.0,0.79969,0.0,0.20031,0.0
yang2018_co2_c2_020,Yang et al. (2018),co2_c2,density,training,273.15,2035550.0,0.0,43.7371,0.0171,0.0,0.0,0.0,0.0,0.0,0.0,0.79969,0.0,0.20031,0.0
yang2018_co2_c2_021,Yang et al. (2018),co2_c2,density,training,273.15,1027579.9999999999,0.0,20.1219,0.0083,0.0,0.0,0.0,0.0,0.0,0.0,0.79969,0.0,0.20031,0.0
yang2018_co2_c2_022,Yang et al. (2018),co2_c2,density,training,273.15,534790.0,0.0,10.0789,0.0048,0.0,0.0,0.0,0.0,0.0,0.0,0.79969,0.0,0.20031,0.0
yang2018_co2_c2_023,Yang et al. (2018),co2_c2,density,training,273.15,3489360.0,0.0,91.84,0.0355,0.0,0.0,0.0,0.0,0.0,0.0,0.79969,0.0,0.20031,0.0
yang2018_co2_c2_024,Yang et al. (2018),co2_c2,density,training,273.15,3488710.0,0.0,91.8117,0.0355,0.0,0.0,0.0,0.0,0.0,0.0,0.79969,0.0,0.20031,0.0
yang2018_co2_c2_025,Yang et al. (2018),co2_c2,density,validation,273.15,3488180.0,0.0,91.7868,0.0355,0.0,0.0,0.0,0.0,0.0,0.0,0.79969,0.0,0.20031,0.0
yang2018_co2_c2_026,Yang et al. (2018),co2_c2,density,training,273.15,3480570.0,0.0,91.4391,0.0354,0.0,0.0,0.0,0.0,0.0,0.0,0.79969,0.0,0.20031,0.0
yang2018_co2_c2_027,Yang et al. (2018),co2_c2,density,training,273.15,3480580.0,0.0,91.4331,0.0354,0.0,0.0,0.0,0.0,0.0,0.0,0.79969,0.0,0.20031,0.0
yang2018_co2_c2_028,Yang et al. (2018),co2_c2,density,validation,273.15,3507240.0,0.0,92.638,0.0358,0.0,0.0,0.0,0.0,0.0,0.0,0.79969,0.0,0.20031,0.0
yang2018_co2_c2_029,Yang et al. (2018),co2_c2,density,validation,273.15,3037290.0,0.0,73.9637,0.0291,0.0,0.0,0.0,0.0,0.0,0.0,0.79969,0.0,0.20031,0.0
yang2018_co2_c2_030,Yang et al. (2018),co2_c2,density,training,273.15,2035090.0,0.0,43.7258,0.0179,0.0,0.0,0.0,0.0,0.0,0.0,0.79969,0.0,0.20031,0.0
yang2018_co2_c2_031,Yang et al. (2018),co2_c2,density,training,273.15,1023800.0,0.0,20.0462,0.0086,0.0,0.0,0.0,0.0,0.0,0.0,0.79969,0.0,0.20031,0.0
yang2018_co2_c2_032,Yang et al. (2018),co2_c2,density,training,273.15,1024640.0000000001,0.0,20.0627,0.0086,0.0,0.0,0.0,0.0,0.0,0.0,0.79969,0.0,0.20031,0.0
yang2018_co2_c2_033,Yang et al. (2018),co2_c2,density,validation,273.15,1025369.9999999999,0.0,20.0779,0.0086,0.0,0.0,0.0,0.0,0.0,0.0,0.79969,0.0,0.20031,0.0
yang2018_co2_c2_034,Yang et al. (2018),co2_c2,density,validation,273.15,1037440.0,0.0,20.3384,0.0087,0.0,0.0,0.0,0.0,0.0,0.0,0.79969,0.0,0.20031,0.0
yang2018_co2_c2_035,Yang et al. (2018),co2_c2,density,training,273.15,1037849.9999999999,0.0,20.347,0.0087,0.0,0.0,0.0,0.0,0.0,0.0,0.79969,0.0,0.20031,0.0
yang2018_co2_c2_036,Yang et al. (2018),co2_c2,density,training,273.15,1026619.9999999999,0.0,20.1024,0.0086,0.0,0.0,0.0,0.0,0.0,0.0,0.79969,0.0,0.20031,0.0
yang2018_co2_c2_037,Yang et al. (2018),co2_c2,density,training,273.15,1027050.0,0.0,20.1108,0.0086,0.0,0.0,0.0,0.0,0.0,0.0,0.79969,0.0,0.20031,0.0
yang2018_co2_c2_038,Yang et al. (2018),co2_c2,density,training,273.15,531090.0,0.0,10.008,0.0049,0.0,0.0,0.0,0.0,0.0,0.0,0.79969,0.0,0.20031,0.0
yang2018_co2_c2_039,Yang et al. (2018),co2_c2,density,training,273.15,531520.0,0.0,10.0165,0.0049,0.0,0.0,0.0,0.0,0.0,0.0,0.79969,0.0,0.20031,0.0
yang2018_co2_c2_040,Yang et al. (2018),co2_c2,density,training,273.15,531920.0,0.0,10.0243,0.0049,0.0,0.0,0.0,0.0,0.0,0.0,0.79969,0.0,0.20031,0.0
yang2018_co2_c2_041,Yang et al. (2018),co2_c2,density,validation,273.15,544520.0,0.0,10.2735,0.005,0.0,0.0,0.0,0.0,0.0,0.0,0.79969,0.0,0.20031,0.0
yang2018_co2_c2_042,Yang et al. (2018),co2_c2,density,training,273.15,544860.0,0.0,10.2801,0.005,0.0,0.0,0.0,0.0,0.0,0.0,0.79969,0.0,0.20031,0.0
yang2018_co2_c2_043,Yang et al. (2018),co2_c2,density,validation,273.15,534390.0,0.0,10.0711,0.0049,0.0,0.0,0.0,0.0,0.0,0.0,0.79969,0.0,0.20031,0.0
yang2018_co2_c2_044,Yang et al. (2018),co2_c2,density,training,273.15,535190.0,0.0,10.087,0.0049,0.0,0.0,0.0,0.0,0.0,0.0,0.79969,0.0,0.20031,0.0
yang2018_co2_c2_045,Yang et al. (2018),co2_c2,density,training,273.15,535630.0,0.0,10.0955,0.0049,0.0,0.0,0.0,0.0,0.0,0.0,0.79969,0.0,0.20031,0.0
yang2018_co2_c2_046,Yang et al. (2018),co2_c2,density,training,283.15,4821730.0,0.0,148.288,0.084,0.0,0.0,0.0,0.0,0.0,0.0,0.79969,0.0,0.20031,0.0
yang2018_co2_c2_047,Yang et al. (2018),co2_c2,density,validation,283.15,4730870.0,0.0,141.359,0.074,0.0,0.0,0.0,0.0,0.0,0.0,0.79969,0.0,0.20031,0.0
yang2018_co2_c2_048,Yang et al. (2018),co2_c2,density,training,283.15,4602710.0,0.0,132.714,0.054,0.0,0.0,0.0,0.0,0.0,0.0,0.79969,0.0,0.20031,0.0
yang2018_co2_c2_049,Yang et al. (2018),co2_c2,density,training,283.15,4501800.0,0.0,126.607,0.05,0.0,0.0,0.0,0.0,0.0,0.0,0.79969,0.0,0.20031,0.0
yang2018_co2_c2_050,Yang et al. (2018),co2_c2,density,training,283.15,4069810.0,0.0,104.912,0.041,0.0,0.0,0.0,0.0,0.0,0.0,0.79969,0.0,0.20031,0.0
yang2018_co2_c2_051,Yang et al. (2018),co2_c2,density,validation,283.15,3042790.0,0.0,68.0188,0.0259,0.0,0.0,0.0,0.0,0.0,0.0,0.79969,0.0,0.20031,0.0
yang2018_co2_c2_052,Yang et al. (2018),co2_c2,density,training,283.15,2038110.0,0.0,41.2701,0.016,0.0,0.0,0.0,0.0,0.0,0.0,0.79969,0.0,0.20031,0.0
yang2018_co2_c2_053,Yang et al. (2018),co2_c2,density,training,283.15,1041520.0,0.0,19.5141,0.0081,0.0,0.0,0.0,0.0,0.0,0.0,0.79969,0.0,0.20031,0.0
yang2018_co2_c2_054,Yang et al. (2018),co2_c2,density,training,283.15,518169.99999999994,0.0,9.36982,0.00457,0.0,0.0,0.0,0.0,0.0,0.0,0.79969,0.0,0.20031,0.0
yang2018_co2_c2_055,Yang et al. (2018),co2_c2,density,training,293.15,5020760.0,0.0,133.141,0.052,0.0,0.0,0.0,0.0,0.0,0.0,0.79969,0.0,0.20031,0.0
yang2018_co2_c2_056,Yang et al. (2018),co2_c2,density,training,293.15,4055420.0,0.0,93.5899,0.0368,0.0,0.0,0.0,0.0,0.0,0.0,0.79969,0.0,0.20031,0.0
yang2018_co2_c2_057,Yang et al. (2018),co2_c2,density,training,293.15,3042070.0,0.0,63.2873,0.0246,0.0,0.0,0.0,0.0,0.0,0.0,0.79969,0.0,0.20031,0.0
yang2018_co2_c2_058,Yang et al. (2018),co2_c2,density,validation,293.15,2026930.0,0.0,38.8656,0.0156,0.0,0.0,0.0,0.0,0.0,0.0,0.79969,0.0,0.20031,0.0
yang2018_co2_c2_059,Yang et al. (2018),co2_c2,density,training,293.15,1034280.0,0.0,18.5618,0.0079,0.0,0.0,0.0,0.0,0.0,0.0,0.79969,0.0,0.20031,0.0
yang2018_co2_c2_060,Yang et al. (2018),co2_c2,density,training,293.15,519570.00000000006,0.0,9.04307,0.00445,0.0,0.0,0.0,0.0,0.0,0.0,0.79969,0.0,0.20031,0.0
yang2018_co2_c2_061,Yang et al. (2018),co2_c2,density,training,273.15,3054360.0,0.0,70.1143,0.0274,0.0,0.0,0.0,0.0,0.0,0.0,0.50046,0.0,0.49954,0.0
yang2018_co2_c2_062,Yang et al. (2018),co2_c2,density,training,273.15,2554040.0,0.0,53.9302,0.0214,0.0,0.0,0.0,0.0,0.0,0.0,0.50046,0.0,0.49954,0.0
yang2018_co2_c2_063,Yang et al. (2018),co2_c2,density,training,273.15,2050760.0000000002,0.0,40.4917,0.0157,0.0,0.0,0.0,0.0,0.0,0.0,0.50046,0.0,0.49954,0.0
yang2018_co2_c2_064,Yang et al. (2018),co2_c2,density,validation,273.15,1051480.0,0.0,18.6959,0.0076,0.0,0.0,0.0,0.0,0.0,0.0,0.50046,0.0,0.49954,0.0
yang2018_co2_c2_065,Yang et al. (2018),co2_c2,density,training,273.15,548140.0,0.0,9.33133,0.00458,0.0,0.0,0.0,0.0,0.0,0.0,0.50046,0.0,0.49954,0.0
yang2018_co2_c2_066,Yang et al. (2018),co2_c2,density,training,283.15,4013100.0,0.0,98.6426,0.0393,0.0,0.0,0.0,0.0,0.0,0.0,0.50046,0.0,0.49954,0.0
yang2018_co2_c2_067,Yang et al. (2018),co2_c2,density,validation,283.15,3550260.0,0.0,79.7057,0.0316,0.0,0.0,0.0,0.0,0.0,0.0,0.50046,0.0,0.49954,0.0
yang2018_co2_c2_068,Yang et al. (2018),co2_c2,density,training,283.15,3032750.0,0.0,62.9635,0.0239,0.0,0.0,0.0,0.0,0.0,0.0,0.50046,0.0,0.49954,0.0
yang2018_co2_c2_069,Yang et al. (2018),co2_c2,density,training,283.15,2018130.0,0.0,37.3012,0.0145,0.0,0.0,0.0,0.0,0.0,0.0,0.50046,0.0,0.49954,0.0
yang2018_co2_c2_070,Yang et al. (2018),co2_c2,density,training,283.15,1031670.0000000001,0.0,17.4887,0.0073,0.0,0.0,0.0,0.0,0.0,0.0,0.50046,0.0,0.49954,0.0
yang2018_co2_c2_071,Yang et al. (2018),co2_c2,density,validation,283.15,538660.0,0.0,8.79999,0.00438,0.0,0.0,0.0,0.0,0.0,0.0,0.50046,0.0,0.49954,0.0
yang2018_co2_c2_072,Yang et al. (2018),co2_c2,density,training,293.15,5019280.0,0.0,131.598,0.055,0.0,0.0,0.0,0.0,0.0,0.0,0.50046,0.0,0.49954,0.0
yang2018_co2_c2_073,Yang et al. (2018),co2_c2,density,validation,293.15,4555250.0,0.0,107.86,0.044,0.0,0.0,0.0,0.0,0.0,0.0,0.50046,0.0,0.49954,0.0
yang2018_co2_c2_074,Yang et al. (2018),co2_c2,density,training,293.15,4051490.0,0.0,88.2376,0.0347,0.0,0.0,0.0,0.0,0.0,0.0,0.50046,0.0,0.49954,0.0
yang2018_co2_c2_075,Yang et al. (2018),co2_c2,density,training,293.15,3032630.0,0.0,58.2406,0.0227,0.0,0.0,0.0,0.0,0.0,0.0,0.50046,0.0,0.49954,0.0
yang2018_co2_c2_076,Yang et al. (2018),co2_c2,density,training,293.15,2045790.0,0.0,35.8484,0.014,0.0,0.0,0.0,0.0,0.0,0.0,0.50046,0.0,0.49954,0.0
yang2018_co2_c2_077,Yang et al. (2018),co2_c2,density,validation,293.15,1026060.0,0.0,16.6496,0.0071,0.0,0.0,0.0,0.0,0.0,0.0,0.50046,0.0,0.49954,0.0
yang2018_co2_c2_078,Yang et al. (2018),co2_c2,density,training,293.15,525660.0,0.0,8.25163,0.00421,0.0,0.0,0.0,0.0,0.0,0.0,0.50046,0.0,0.49954,0.0
yang2018_co2_c2_079,Yang et al. (2018),co2_c2,density,training,308.15,5013940.0,0.0,105.639,0.042,0.0,0.0,0.0,0.0,0.0,0.0,0.50046,0.0,0.49954,0.0
yang2018_co2_c2_080,Yang et al. (2018),co2_c2,density,training,308.15,4551470.0,0.0,90.9786,0.0373,0.0,0.0,0.0,0.0,0.0,0.0,0.50046,0.0,0.49954,0.0
yang2018_co2_c2_081,Yang et al. (2018),co2_c2,density,validation,308.15,4038270.0,0.0,76.6788,0.0294,0.0,0.0,0.0,0.0,0.0,0.0,0.50046,0.0,0.49954,0.0
yang2018_co2_c2_082,Yang et al. (2018),co2_c2,density,training,308.15,3050590.0,0.0,53.2563,0.0207,0.0,0.0,0.0,0.0,0.0,0.0,0.50046,0.0,0.49954,0.0
yang2018_co2_c2_083,Yang et al. (2018),co2_c2,density,training,308.15,2034450.0,0.0,33.0477,0.0129,0.0,0.0,0.0,0.0,0.0,0.0,0.50046,0.0,0.49954,0.0
yang2018_co2_c2_084,Yang et al. (2018),co2_c2,density,training,308.15,1040920.0000000001,0.0,15.9143,0.0068,0.0,0.0,0.0,0.0,0.0,0.0,0.50046,0.0,0.49954,0.0
yang2018_co2_c2_085,Yang et al. (2018),co2_c2,density,validation,308.15,542530.0,0.0,8.06912,0.00416,0.0,0.0,0.0,0.0,0.0,0.0,0.50046,0.0,0.49954,0.0
yang2018_co2_c2_086,Yang et al. (2018),co2_c2,density,validation,323.15,5982240.0,0.0,119.675,0.047,0.0,0.0,0.0,0.0,0.0,0.0,0.50046,0.0,0.49954,0.0
yang2018_co2_c2_087,Yang et al. (2018),co2_c2,density,training,323.15,5024590.0,0.0,92.5708,0.0354,0.0,0.0,0.0,0.0,0.0,0.0,0.50046,0.0,0.49954,0.0
yang2018_co2_c2_088,Yang et al. (2018),co2_c2,density,training,323.15,4027370.0,0.0,68.9564,0.0265,0.0,0.0,0.0,0.0,0.0,0.0,0.50046,0.0,0.49954,0.0
yang2018_co2_c2_089,Yang et al. (2018),co2_c2,density,training,323.15,3036380.0,0.0,48.806,0.0186,0.0,0.0,0.0,0.0,0.0,0.0,0.50046,0.0,0.49954,0.0
yang2018_co2_c2_090,Yang et al. (2018),co2_c2,density,validation,323.15,2040160.0,0.0,31.0101,0.0121,0.0,0.0,0.0,0.0,0.0,0.0,0.50046,0.0,0.49954,0.0
yang2018_co2_c2_091,Yang et al. (2018),co2_c2,density,training,323.15,1024369.9999999999,0.0,14.7964,0.0064,0.0,0.0,0.0,0.0,0.0,0.0,0.50046,0.0,0.49954,0.0
yang2018_co2_c2_092,Yang et al. (2018),co2_c2,density,training,323.15,543730.0,0.0,7.68033,0.00412,0.0,0.0,0.0,0.0,0.0,0.0,0.50046,0.0,0.49954,0.0
messabeb2016_h2o_co2_000,Messabeb et al. (2016),h2o_co2,solubility,training,323.15,5030000.0,1.0,0.0,0.058,0.9884256110176447,0.011574388982355306,0.0,0.0,0.0,0.0,1.0,0.0,0.0,0.0
messabeb2016_h2o_co2_001,Messabeb et al. (2016),h2o_co2,solubility,training,323.15,10020000.0,1.0,0.0,0.042,0.982912330954542,0.01708766904545799,0.0,0.0,0.0,0.0,1.0,0.0,0.0,0.0
messabeb2016_h2o_co2_002,Messabeb et al. (2016),h2o_co2,solubility,validation,323.15,15060000.0,1.0,0.0,0.073,0.9815739822766522,0.018426017723347867,0.0,0.0,0.0,0.0,1.0,0.0,0.0,0.0
messabeb2016_h2o_co2_003,Messabeb et al. (2016),h2o_co2,solubility,training,323.15,20010000.0,1.0,0.0,0.076,0.9808975068841197,0.01910249311588025,0.0,0.0,0.0,0.0,1.0,0.0,0.0,0.0
messabeb2016_h2o_co2_004,Messabeb et al. (2016),h2o_co2,solubility,training,373.15,5010000.0,1.0,0.0,0.037,0.9932718340837607,0.006728165916239303,0.0,0.0,0.0,0.0,1.0,0.0,0.0,0.0
messabeb2016_h2o_co2_005,Messabeb et al. (2016),h2o_co2,solubility,training,373.15,10080000.0,1.0,0.0,0.055,0.9881089008300256,0.011891099169974408,0.0,0.0,0.0,0.0,1.0,0.0,0.0,0.0
messabeb2016_h2o_co2_006,Messabeb et al. (2016),h2o_co2,solubility,training,373.15,15020000.0,1.0,0.0,0.062,0.9849179729454651,0.015082027054534907,0.0,0.0,0.0,0.0,1.0,0.0,0.0,0.0
messabeb2016_h2o_co2_007,Messabeb et al. (2016),h2o_co2,solubility,validation,373.15,19960000.0,1.0,0.0,0.061,0.9833128056148339,0.016687194385166117,0.0,0.0,0.0,0.0,1.0,0.0,0.0,0.0
messabeb2016_h2o_co2_008,Messabeb et al. (2016),h2o_co2,solubility,training,423.15,5030000.0,1.0,0.0,0.039,0.994535369528651,0.005464630471348993,0.0,0.0,0.0,0.0,1.0,0.0,0.0,0.0
messabeb2016_h2o_co2_009,Messabeb et al. (2016),h2o_co2,solubility,training,423.15,10040000.0,1.0,0.0,0.05,0.9897121308058334,0.01028786919416657,0.0,0.0,0.0,0.0,1.0,0.0,0.0,0.0
messabeb2016_h2o_co2_010,Messabeb et al. (2016),h2o_co2,solubility,validation,423.15,15050000.0,1.0,0.0,0.061,0.9857225234316609,0.01427747656833915,0.0,0.0,0.0,0.0,1.0,0.0,0.0,0.0
messabeb2016_h2o_co2_011,Messabeb et al. (2016),h2o_co2,solubility,training,423.15,20010000.0,1.0,0.0,0.044,0.982999362911979,0.01700063708802102,0.0,0.0,0.0,0.0,1.0,0.0,0.0,0.0
